--------------------------------------------------------
--  File created - Thursday-November-23-2017   
--------------------------------------------------------
DROP VIEW "BG12CS011"."V_NEW_ORDER";
DROP VIEW "BG12CS011"."V_PRODUCTS";
DROP VIEW "BG12CS011"."V_PRODUCTS_WO_VARIANT";
DROP VIEW "BG12CS011"."V_STOCK";
DROP VIEW "BG12CS011"."V_UPDATE_PRODUCT";
DROP TABLE "BG12CS011"."ACCOUNTS" cascade constraints;
DROP TABLE "BG12CS011"."DELIVERY" cascade constraints;
DROP TABLE "BG12CS011"."DEPARTMENT" cascade constraints;
DROP TABLE "BG12CS011"."EMPLOYEE" cascade constraints;
DROP TABLE "BG12CS011"."ORDERS" cascade constraints;
DROP TABLE "BG12CS011"."ORDER_PARTICULAR" cascade constraints;
DROP TABLE "BG12CS011"."PRODUCT" cascade constraints;
DROP TABLE "BG12CS011"."PRODUCT_DESCRIPTION" cascade constraints;
DROP SEQUENCE "BG12CS011"."EMPLOYEE_ID_SEQ";
DROP SEQUENCE "BG12CS011"."ORDER_ID_SEQ";
DROP SEQUENCE "BG12CS011"."PRODUCT_SKU_SEQ";
DROP PROCEDURE "BG12CS011"."ADD_NEW_PRODUCT";
DROP PROCEDURE "BG12CS011"."COMPUTE_PRODUCT_COUNT";
DROP PROCEDURE "BG12CS011"."COMPUTE_PRODUCT_STATUS";
DROP PROCEDURE "BG12CS011"."COMPUTE_PURCHASE_AMOUNT";
DROP PROCEDURE "BG12CS011"."MAKE_NEW_ORDER";
DROP SYNONYM "PUBLIC"."DUAL";
DROP SYNONYM "PUBLIC"."DBMS_OUTPUT";
--------------------------------------------------------
--  DDL for View V_NEW_ORDER
--------------------------------------------------------

  CREATE OR REPLACE FORCE VIEW "BG12CS011"."V_NEW_ORDER" ("SKU", "PRODUCT_NAME", "VARIANT", "QUANTITY", "ORDER_ID") AS 
  SELECT OP.SKU,P.PRODUCT_NAME,OP.VARIANT,OP.QUANTITY  ||' '|| PD.QUANTITY_UNIT AS QUANTITY, OP.ORDER_ID
FROM PRODUCT P, ORDER_PARTICULAR OP, PRODUCT_DESCRIPTION PD 
WHERE P.SKU=PD.SKU AND PD.SKU=OP.SKU AND PD.VARIANT=OP.VARIANT
;
--------------------------------------------------------
--  DDL for View V_PRODUCTS
--------------------------------------------------------

  CREATE OR REPLACE FORCE VIEW "BG12CS011"."V_PRODUCTS" ("SKU", "PRODUCT_NAME", "VARIANT", "QUANTITY", "DEPARTMENT_NAME", "PRODUCT_TYPE") AS 
  SELECT P.SKU,P.PRODUCT_NAME,PD.VARIANT,PD.STOCK_QUANTITY || ' ' || PD.QUANTITY_UNIT AS QUANTITY,
D.DEPARTMENT_NAME,P.PRODUCT_TYPE FROM
PRODUCT P LEFT OUTER JOIN PRODUCT_DESCRIPTION PD 
ON P.SKU=PD.SKU, DEPARTMENT D WHERE P.DEPARTMENT_CODE=D.DEPARTMENT_CODE
ORDER BY P.SKU
;
--------------------------------------------------------
--  DDL for View V_PRODUCTS_WO_VARIANT
--------------------------------------------------------

  CREATE OR REPLACE FORCE VIEW "BG12CS011"."V_PRODUCTS_WO_VARIANT" ("SKU", "PRODUCT_NAME", "TOTAL_QUANTITY", "DEPARTMENT_NAME", "PRODUCT_TYPE") AS 
  SELECT P.SKU,P.PRODUCT_NAME,SUM(PD.STOCK_QUANTITY) AS TOTAL_QUANTITY,D.DEPARTMENT_NAME,P.PRODUCT_TYPE
FROM PRODUCT P LEFT JOIN PRODUCT_DESCRIPTION PD ON
P.SKU=PD.SKU, DEPARTMENT D
WHERE P.DEPARTMENT_CODE=D.DEPARTMENT_CODE
GROUP BY P.SKU,P.PRODUCT_NAME,D.DEPARTMENT_NAME,P.PRODUCT_TYPE
ORDER BY P.SKU
;
--------------------------------------------------------
--  DDL for View V_STOCK
--------------------------------------------------------

  CREATE OR REPLACE FORCE VIEW "BG12CS011"."V_STOCK" ("PRODUCT_NAME", "VARIANT", "DEPARTMENT_NAME", "QTY_AVAILABLE", "QTY_THRESHOLD", "STATUS") AS 
  SELECT P.PRODUCT_NAME,PD.VARIANT,D.DEPARTMENT_NAME,
PD.STOCK_QUANTITY ||' '|| PD.QUANTITY_UNIT AS QTY_AVAILABLE,PD.QUANTITY_THRESHOLD ||' '|| PD.QUANTITY_UNIT AS QTY_THRESHOLD,PD.STATUS
FROM PRODUCT P,DEPARTMENT D, PRODUCT_DESCRIPTION PD
WHERE P.DEPARTMENT_CODE=D.DEPARTMENT_CODE AND P.SKU=PD.SKU
ORDER BY P.SKU
;
--------------------------------------------------------
--  DDL for View V_UPDATE_PRODUCT
--------------------------------------------------------

  CREATE OR REPLACE FORCE VIEW "BG12CS011"."V_UPDATE_PRODUCT" ("SKU", "PRODUCT_NAME", "DEPARTMENT_CODE", "PRODUCT_TYPE", "VENDOR", "VARIANT", "MRP", "STOCK_QUANTITY", "QUANTITY_THRESHOLD", "QUANTITY_UNIT") AS 
  SELECT P.SKU,P.PRODUCT_NAME,P.DEPARTMENT_CODE,P.PRODUCT_TYPE,P.VENDOR,PD.VARIANT,PD.MRP,PD.STOCK_QUANTITY,PD.QUANTITY_THRESHOLD,PD.QUANTITY_UNIT 
FROM PRODUCT P,PRODUCT_DESCRIPTION PD
WHERE P.SKU=PD.SKU
;
--------------------------------------------------------
--  DDL for Table ACCOUNTS
--------------------------------------------------------

  CREATE TABLE "BG12CS011"."ACCOUNTS" 
   (	"USERNAME" VARCHAR2(45), 
	"PASSWORD" VARCHAR2(45), 
	"EMPLOYEE_ID" CHAR(8), 
	"IS_ADMIN" NUMBER(1,0) DEFAULT 0, 
	"IS_MANAGER" NUMBER(1,0) DEFAULT 0
   ) SEGMENT CREATION IMMEDIATE 
  PCTFREE 10 PCTUSED 40 INITRANS 1 MAXTRANS 255 NOCOMPRESS LOGGING
  STORAGE(INITIAL 65536 NEXT 1048576 MINEXTENTS 1 MAXEXTENTS 2147483645
  PCTINCREASE 0 FREELISTS 1 FREELIST GROUPS 1 BUFFER_POOL DEFAULT FLASH_CACHE DEFAULT CELL_FLASH_CACHE DEFAULT)
  TABLESPACE "SYSTEM" ;
--------------------------------------------------------
--  DDL for Table DELIVERY
--------------------------------------------------------

  CREATE TABLE "BG12CS011"."DELIVERY" 
   (	"ORDER_ID" CHAR(13), 
	"EMPLOYEE_ID" CHAR(8), 
	"CUSTOMER_NAME" VARCHAR2(45), 
	"ADDRESS_LINE_1" VARCHAR2(45), 
	"ADDRESS_LINE_2" VARCHAR2(45), 
	"CONTACT_NO" NUMBER(10,0), 
	"STATUS" VARCHAR2(20) DEFAULT 'Pending'
   ) SEGMENT CREATION IMMEDIATE 
  PCTFREE 10 PCTUSED 40 INITRANS 1 MAXTRANS 255 NOCOMPRESS LOGGING
  STORAGE(INITIAL 65536 NEXT 1048576 MINEXTENTS 1 MAXEXTENTS 2147483645
  PCTINCREASE 0 FREELISTS 1 FREELIST GROUPS 1 BUFFER_POOL DEFAULT FLASH_CACHE DEFAULT CELL_FLASH_CACHE DEFAULT)
  TABLESPACE "SYSTEM" ;
--------------------------------------------------------
--  DDL for Table DEPARTMENT
--------------------------------------------------------

  CREATE TABLE "BG12CS011"."DEPARTMENT" 
   (	"DEPARTMENT_CODE" CHAR(3), 
	"DEPARTMENT_NAME" VARCHAR2(45), 
	"DEPARTMENT_LOCATION" VARCHAR2(45), 
	"PRODUCT_COUNT" NUMBER(3,0) DEFAULT NULL
   ) SEGMENT CREATION IMMEDIATE 
  PCTFREE 10 PCTUSED 40 INITRANS 1 MAXTRANS 255 NOCOMPRESS LOGGING
  STORAGE(INITIAL 65536 NEXT 1048576 MINEXTENTS 1 MAXEXTENTS 2147483645
  PCTINCREASE 0 FREELISTS 1 FREELIST GROUPS 1 BUFFER_POOL DEFAULT FLASH_CACHE DEFAULT CELL_FLASH_CACHE DEFAULT)
  TABLESPACE "SYSTEM" ;
--------------------------------------------------------
--  DDL for Table EMPLOYEE
--------------------------------------------------------

  CREATE TABLE "BG12CS011"."EMPLOYEE" 
   (	"EMPLOYEE_ID" CHAR(8), 
	"FIRST_NAME" VARCHAR2(45), 
	"LAST_NAME" VARCHAR2(45), 
	"JOB_TITLE" VARCHAR2(45), 
	"CONTACT_NO" NUMBER(10,0)
   ) SEGMENT CREATION IMMEDIATE 
  PCTFREE 10 PCTUSED 40 INITRANS 1 MAXTRANS 255 NOCOMPRESS LOGGING
  STORAGE(INITIAL 65536 NEXT 1048576 MINEXTENTS 1 MAXEXTENTS 2147483645
  PCTINCREASE 0 FREELISTS 1 FREELIST GROUPS 1 BUFFER_POOL DEFAULT FLASH_CACHE DEFAULT CELL_FLASH_CACHE DEFAULT)
  TABLESPACE "SYSTEM" ;
--------------------------------------------------------
--  DDL for Table ORDERS
--------------------------------------------------------

  CREATE TABLE "BG12CS011"."ORDERS" 
   (	"ORDER_ID" CHAR(13), 
	"EMPLOYEE_ID" CHAR(8), 
	"ORDER_TIMESTAMP" TIMESTAMP (6), 
	"PURCHASE_AMOUNT" NUMBER(6,0)
   ) SEGMENT CREATION IMMEDIATE 
  PCTFREE 10 PCTUSED 40 INITRANS 1 MAXTRANS 255 NOCOMPRESS LOGGING
  STORAGE(INITIAL 65536 NEXT 1048576 MINEXTENTS 1 MAXEXTENTS 2147483645
  PCTINCREASE 0 FREELISTS 1 FREELIST GROUPS 1 BUFFER_POOL DEFAULT FLASH_CACHE DEFAULT CELL_FLASH_CACHE DEFAULT)
  TABLESPACE "SYSTEM" ;
--------------------------------------------------------
--  DDL for Table ORDER_PARTICULAR
--------------------------------------------------------

  CREATE TABLE "BG12CS011"."ORDER_PARTICULAR" 
   (	"ORDER_ID" CHAR(13), 
	"SKU" CHAR(8), 
	"VARIANT" VARCHAR2(45), 
	"QUANTITY" NUMBER(5,0)
   ) SEGMENT CREATION IMMEDIATE 
  PCTFREE 10 PCTUSED 40 INITRANS 1 MAXTRANS 255 NOCOMPRESS LOGGING
  STORAGE(INITIAL 65536 NEXT 1048576 MINEXTENTS 1 MAXEXTENTS 2147483645
  PCTINCREASE 0 FREELISTS 1 FREELIST GROUPS 1 BUFFER_POOL DEFAULT FLASH_CACHE DEFAULT CELL_FLASH_CACHE DEFAULT)
  TABLESPACE "SYSTEM" ;
--------------------------------------------------------
--  DDL for Table PRODUCT
--------------------------------------------------------

  CREATE TABLE "BG12CS011"."PRODUCT" 
   (	"SKU" CHAR(8), 
	"PRODUCT_NAME" VARCHAR2(45), 
	"DEPARTMENT_CODE" CHAR(3), 
	"PRODUCT_TYPE" VARCHAR2(45), 
	"VENDOR" VARCHAR2(45)
   ) SEGMENT CREATION IMMEDIATE 
  PCTFREE 10 PCTUSED 40 INITRANS 1 MAXTRANS 255 NOCOMPRESS LOGGING
  STORAGE(INITIAL 65536 NEXT 1048576 MINEXTENTS 1 MAXEXTENTS 2147483645
  PCTINCREASE 0 FREELISTS 1 FREELIST GROUPS 1 BUFFER_POOL DEFAULT FLASH_CACHE DEFAULT CELL_FLASH_CACHE DEFAULT)
  TABLESPACE "SYSTEM" ;
--------------------------------------------------------
--  DDL for Table PRODUCT_DESCRIPTION
--------------------------------------------------------

  CREATE TABLE "BG12CS011"."PRODUCT_DESCRIPTION" 
   (	"SKU" CHAR(8), 
	"VARIANT" VARCHAR2(45) DEFAULT 'None', 
	"MRP" NUMBER(8,0), 
	"STOCK_QUANTITY" NUMBER(5,0) DEFAULT 0, 
	"QUANTITY_THRESHOLD" NUMBER(5,0) DEFAULT 0, 
	"QUANTITY_UNIT" VARCHAR2(3), 
	"STATUS" VARCHAR2(20) DEFAULT NULL
   ) SEGMENT CREATION IMMEDIATE 
  PCTFREE 10 PCTUSED 40 INITRANS 1 MAXTRANS 255 NOCOMPRESS LOGGING
  STORAGE(INITIAL 65536 NEXT 1048576 MINEXTENTS 1 MAXEXTENTS 2147483645
  PCTINCREASE 0 FREELISTS 1 FREELIST GROUPS 1 BUFFER_POOL DEFAULT FLASH_CACHE DEFAULT CELL_FLASH_CACHE DEFAULT)
  TABLESPACE "SYSTEM" ;
--------------------------------------------------------
--  DDL for Sequence EMPLOYEE_ID_SEQ
--------------------------------------------------------

   CREATE SEQUENCE  "BG12CS011"."EMPLOYEE_ID_SEQ"  MINVALUE 1 MAXVALUE 9999999999999999999999999999 INCREMENT BY 1 START WITH 41 CACHE 20 NOORDER  NOCYCLE ;
--------------------------------------------------------
--  DDL for Sequence ORDER_ID_SEQ
--------------------------------------------------------

   CREATE SEQUENCE  "BG12CS011"."ORDER_ID_SEQ"  MINVALUE 1 MAXVALUE 9999999999999999999999999999 INCREMENT BY 1 START WITH 161 CACHE 20 NOORDER  NOCYCLE ;
--------------------------------------------------------
--  DDL for Sequence PRODUCT_SKU_SEQ
--------------------------------------------------------

   CREATE SEQUENCE  "BG12CS011"."PRODUCT_SKU_SEQ"  MINVALUE 1 MAXVALUE 9999999999999999999999999999 INCREMENT BY 1 START WITH 81 CACHE 20 NOORDER  NOCYCLE ;
REM INSERTING into BG12CS011.ACCOUNTS
SET DEFINE OFF;
Insert into BG12CS011.ACCOUNTS (USERNAME,PASSWORD,EMPLOYEE_ID,IS_ADMIN,IS_MANAGER) values ('amber','pass','EMP00001',1,1);
Insert into BG12CS011.ACCOUNTS (USERNAME,PASSWORD,EMPLOYEE_ID,IS_ADMIN,IS_MANAGER) values ('mich','a57qqf4e','EMP00023',0,1);
Insert into BG12CS011.ACCOUNTS (USERNAME,PASSWORD,EMPLOYEE_ID,IS_ADMIN,IS_MANAGER) values ('amberalt','pass','EMP00021',1,0);
Insert into BG12CS011.ACCOUNTS (USERNAME,PASSWORD,EMPLOYEE_ID,IS_ADMIN,IS_MANAGER) values ('johns','ufr2rb4n','EMP00022',1,0);
Insert into BG12CS011.ACCOUNTS (USERNAME,PASSWORD,EMPLOYEE_ID,IS_ADMIN,IS_MANAGER) values ('alexbaker','applepie','EMP00024',0,1);
Insert into BG12CS011.ACCOUNTS (USERNAME,PASSWORD,EMPLOYEE_ID,IS_ADMIN,IS_MANAGER) values ('masons','cashfast','EMP00025',0,0);
Insert into BG12CS011.ACCOUNTS (USERNAME,PASSWORD,EMPLOYEE_ID,IS_ADMIN,IS_MANAGER) values ('bettypace','newaccount','EMP00026',0,0);
REM INSERTING into BG12CS011.DELIVERY
SET DEFINE OFF;
Insert into BG12CS011.DELIVERY (ORDER_ID,EMPLOYEE_ID,CUSTOMER_NAME,ADDRESS_LINE_1,ADDRESS_LINE_2,CONTACT_NO,STATUS) values ('ORD0000000146','EMP00031','Ganesh Buch','2, 4th Block, RP Apts.','Richmond Circle',22225828,'Pending');
Insert into BG12CS011.DELIVERY (ORDER_ID,EMPLOYEE_ID,CUSTOMER_NAME,ADDRESS_LINE_1,ADDRESS_LINE_2,CONTACT_NO,STATUS) values ('ORD0000000138','EMP00032','Aditya Krishna','9, Hosur Main Road','Madiwala',25534544,'Pending');
Insert into BG12CS011.DELIVERY (ORDER_ID,EMPLOYEE_ID,CUSTOMER_NAME,ADDRESS_LINE_1,ADDRESS_LINE_2,CONTACT_NO,STATUS) values ('ORD0000000139','EMP00031','Tara Grover','306-A, No. 134','Cears Plaza, Residency Road',26718833,'Pending');
Insert into BG12CS011.DELIVERY (ORDER_ID,EMPLOYEE_ID,CUSTOMER_NAME,ADDRESS_LINE_1,ADDRESS_LINE_2,CONTACT_NO,STATUS) values ('ORD0000000147','EMP00032','Adya Arora','10, Margosa Road','Malleshwaram',234565254,'Pending');
Insert into BG12CS011.DELIVERY (ORDER_ID,EMPLOYEE_ID,CUSTOMER_NAME,ADDRESS_LINE_1,ADDRESS_LINE_2,CONTACT_NO,STATUS) values ('ORD0000000150','EMP00033','Shayla Desai','15, 3rd Cross','Magadi Road',22213896,'Pending');
Insert into BG12CS011.DELIVERY (ORDER_ID,EMPLOYEE_ID,CUSTOMER_NAME,ADDRESS_LINE_1,ADDRESS_LINE_2,CONTACT_NO,STATUS) values ('ORD0000000152','EMP00033','Amber','45 KKE','Uttarahalli',9632308240,'Pending');
REM INSERTING into BG12CS011.DEPARTMENT
SET DEFINE OFF;
Insert into BG12CS011.DEPARTMENT (DEPARTMENT_CODE,DEPARTMENT_NAME,DEPARTMENT_LOCATION,PRODUCT_COUNT) values ('GEN','General','Undefined',null);
Insert into BG12CS011.DEPARTMENT (DEPARTMENT_CODE,DEPARTMENT_NAME,DEPARTMENT_LOCATION,PRODUCT_COUNT) values ('HHS','Household Supplies','Ground Floor Left Wing',4);
Insert into BG12CS011.DEPARTMENT (DEPARTMENT_CODE,DEPARTMENT_NAME,DEPARTMENT_LOCATION,PRODUCT_COUNT) values ('FNG','Food and Groceries','Ground Floor Right Wing',9);
Insert into BG12CS011.DEPARTMENT (DEPARTMENT_CODE,DEPARTMENT_NAME,DEPARTMENT_LOCATION,PRODUCT_COUNT) values ('STN','Stationery','1st Floor Left Wing',5);
Insert into BG12CS011.DEPARTMENT (DEPARTMENT_CODE,DEPARTMENT_NAME,DEPARTMENT_LOCATION,PRODUCT_COUNT) values ('CNH','Crafts and Handmade','1st Floor Right Wing',4);
REM INSERTING into BG12CS011.EMPLOYEE
SET DEFINE OFF;
Insert into BG12CS011.EMPLOYEE (EMPLOYEE_ID,FIRST_NAME,LAST_NAME,JOB_TITLE,CONTACT_NO) values ('EMP00001','Amber','Ramesh','DBA',9632308240);
Insert into BG12CS011.EMPLOYEE (EMPLOYEE_ID,FIRST_NAME,LAST_NAME,JOB_TITLE,CONTACT_NO) values ('EMP00021','Amber','Alter','DBA',9090909090);
Insert into BG12CS011.EMPLOYEE (EMPLOYEE_ID,FIRST_NAME,LAST_NAME,JOB_TITLE,CONTACT_NO) values ('EMP00022','John','Smith','Database Analyst',1010110100);
Insert into BG12CS011.EMPLOYEE (EMPLOYEE_ID,FIRST_NAME,LAST_NAME,JOB_TITLE,CONTACT_NO) values ('EMP00023','Michelle','Diaz','Floor Manager',9898989898);
Insert into BG12CS011.EMPLOYEE (EMPLOYEE_ID,FIRST_NAME,LAST_NAME,JOB_TITLE,CONTACT_NO) values ('EMP00024','Alex','Baker','Floor Manager',8080808080);
Insert into BG12CS011.EMPLOYEE (EMPLOYEE_ID,FIRST_NAME,LAST_NAME,JOB_TITLE,CONTACT_NO) values ('EMP00025','Sam','Mason','Cashier',8801101100);
Insert into BG12CS011.EMPLOYEE (EMPLOYEE_ID,FIRST_NAME,LAST_NAME,JOB_TITLE,CONTACT_NO) values ('EMP00026','Elizabeth','Pace','Cashier',7088199880);
Insert into BG12CS011.EMPLOYEE (EMPLOYEE_ID,FIRST_NAME,LAST_NAME,JOB_TITLE,CONTACT_NO) values ('EMP00027','Aaron','McKay','Cashier',9918887665);
Insert into BG12CS011.EMPLOYEE (EMPLOYEE_ID,FIRST_NAME,LAST_NAME,JOB_TITLE,CONTACT_NO) values ('EMP00028','David','Ellis','Stocker',7758828834);
Insert into BG12CS011.EMPLOYEE (EMPLOYEE_ID,FIRST_NAME,LAST_NAME,JOB_TITLE,CONTACT_NO) values ('EMP00029','Bruce','Yates','Stocker',7272889500);
Insert into BG12CS011.EMPLOYEE (EMPLOYEE_ID,FIRST_NAME,LAST_NAME,JOB_TITLE,CONTACT_NO) values ('EMP00030','Irene','Cover','Stocker',8989675920);
Insert into BG12CS011.EMPLOYEE (EMPLOYEE_ID,FIRST_NAME,LAST_NAME,JOB_TITLE,CONTACT_NO) values ('EMP00031','Richard','Arwood','Delivery Person',9861830018);
Insert into BG12CS011.EMPLOYEE (EMPLOYEE_ID,FIRST_NAME,LAST_NAME,JOB_TITLE,CONTACT_NO) values ('EMP00032','Donald','Jenkins','Delivery Person',8525776533);
Insert into BG12CS011.EMPLOYEE (EMPLOYEE_ID,FIRST_NAME,LAST_NAME,JOB_TITLE,CONTACT_NO) values ('EMP00033','Jose','Boyd','Delivery Person',7555999642);
REM INSERTING into BG12CS011.ORDERS
SET DEFINE OFF;
Insert into BG12CS011.ORDERS (ORDER_ID,EMPLOYEE_ID,ORDER_TIMESTAMP,PURCHASE_AMOUNT) values ('ORD0000000122','EMP00001',to_timestamp('12-NOV-17 10.36.27.274000000 AM','DD-MON-RR HH.MI.SSXFF AM'),190);
Insert into BG12CS011.ORDERS (ORDER_ID,EMPLOYEE_ID,ORDER_TIMESTAMP,PURCHASE_AMOUNT) values ('ORD0000000139','EMP00021',to_timestamp('13-NOV-17 06.48.45.849000000 PM','DD-MON-RR HH.MI.SSXFF AM'),880);
Insert into BG12CS011.ORDERS (ORDER_ID,EMPLOYEE_ID,ORDER_TIMESTAMP,PURCHASE_AMOUNT) values ('ORD0000000104','EMP00001',to_timestamp('11-NOV-17 04.42.46.098000000 PM','DD-MON-RR HH.MI.SSXFF AM'),420);
Insert into BG12CS011.ORDERS (ORDER_ID,EMPLOYEE_ID,ORDER_TIMESTAMP,PURCHASE_AMOUNT) values ('ORD0000000138','EMP00021',to_timestamp('13-NOV-17 06.44.21.066000000 PM','DD-MON-RR HH.MI.SSXFF AM'),5000);
Insert into BG12CS011.ORDERS (ORDER_ID,EMPLOYEE_ID,ORDER_TIMESTAMP,PURCHASE_AMOUNT) values ('ORD0000000127','EMP00001',to_timestamp('12-NOV-17 10.37.34.525000000 AM','DD-MON-RR HH.MI.SSXFF AM'),600);
Insert into BG12CS011.ORDERS (ORDER_ID,EMPLOYEE_ID,ORDER_TIMESTAMP,PURCHASE_AMOUNT) values ('ORD0000000146','EMP00001',to_timestamp('14-NOV-17 05.40.32.630000000 PM','DD-MON-RR HH.MI.SSXFF AM'),8225);
Insert into BG12CS011.ORDERS (ORDER_ID,EMPLOYEE_ID,ORDER_TIMESTAMP,PURCHASE_AMOUNT) values ('ORD0000000147','EMP00001',to_timestamp('14-NOV-17 05.42.53.576000000 PM','DD-MON-RR HH.MI.SSXFF AM'),270);
Insert into BG12CS011.ORDERS (ORDER_ID,EMPLOYEE_ID,ORDER_TIMESTAMP,PURCHASE_AMOUNT) values ('ORD0000000132','EMP00001',to_timestamp('12-NOV-17 03.48.00.604000000 PM','DD-MON-RR HH.MI.SSXFF AM'),350);
Insert into BG12CS011.ORDERS (ORDER_ID,EMPLOYEE_ID,ORDER_TIMESTAMP,PURCHASE_AMOUNT) values ('ORD0000000150','EMP00001',to_timestamp('14-NOV-17 05.45.47.966000000 PM','DD-MON-RR HH.MI.SSXFF AM'),4000);
Insert into BG12CS011.ORDERS (ORDER_ID,EMPLOYEE_ID,ORDER_TIMESTAMP,PURCHASE_AMOUNT) values ('ORD0000000152','EMP00001',to_timestamp('15-NOV-17 06.16.36.157000000 AM','DD-MON-RR HH.MI.SSXFF AM'),210);
Insert into BG12CS011.ORDERS (ORDER_ID,EMPLOYEE_ID,ORDER_TIMESTAMP,PURCHASE_AMOUNT) values ('ORD0000000121','EMP00001',to_timestamp('12-NOV-17 10.35.12.097000000 AM','DD-MON-RR HH.MI.SSXFF AM'),450);
Insert into BG12CS011.ORDERS (ORDER_ID,EMPLOYEE_ID,ORDER_TIMESTAMP,PURCHASE_AMOUNT) values ('ORD0000000136','EMP00021',to_timestamp('13-NOV-17 06.21.30.894000000 PM','DD-MON-RR HH.MI.SSXFF AM'),3500);
REM INSERTING into BG12CS011.ORDER_PARTICULAR
SET DEFINE OFF;
Insert into BG12CS011.ORDER_PARTICULAR (ORDER_ID,SKU,VARIANT,QUANTITY) values ('ORD0000000104','SKU00023','Cream N Onion',8);
Insert into BG12CS011.ORDER_PARTICULAR (ORDER_ID,SKU,VARIANT,QUANTITY) values ('ORD0000000104','SKU00023','Classic Salted',7);
Insert into BG12CS011.ORDER_PARTICULAR (ORDER_ID,SKU,VARIANT,QUANTITY) values ('ORD0000000104','SKU00041','Total Care',6);
Insert into BG12CS011.ORDER_PARTICULAR (ORDER_ID,SKU,VARIANT,QUANTITY) values ('ORD0000000121','SKU00025','1 litre',2);
Insert into BG12CS011.ORDER_PARTICULAR (ORDER_ID,SKU,VARIANT,QUANTITY) values ('ORD0000000121','SKU00027','None',5);
Insert into BG12CS011.ORDER_PARTICULAR (ORDER_ID,SKU,VARIANT,QUANTITY) values ('ORD0000000121','SKU00028','None',5);
Insert into BG12CS011.ORDER_PARTICULAR (ORDER_ID,SKU,VARIANT,QUANTITY) values ('ORD0000000139','SKU00050','None',8);
Insert into BG12CS011.ORDER_PARTICULAR (ORDER_ID,SKU,VARIANT,QUANTITY) values ('ORD0000000146','SKU00051','None',5);
Insert into BG12CS011.ORDER_PARTICULAR (ORDER_ID,SKU,VARIANT,QUANTITY) values ('ORD0000000146','SKU00052','Black',2);
Insert into BG12CS011.ORDER_PARTICULAR (ORDER_ID,SKU,VARIANT,QUANTITY) values ('ORD0000000147','SKU00042','None',2);
Insert into BG12CS011.ORDER_PARTICULAR (ORDER_ID,SKU,VARIANT,QUANTITY) values ('ORD0000000147','SKU00041','Total Care',5);
Insert into BG12CS011.ORDER_PARTICULAR (ORDER_ID,SKU,VARIANT,QUANTITY) values ('ORD0000000122','SKU00042','None',2);
Insert into BG12CS011.ORDER_PARTICULAR (ORDER_ID,SKU,VARIANT,QUANTITY) values ('ORD0000000122','SKU00043','None',1);
Insert into BG12CS011.ORDER_PARTICULAR (ORDER_ID,SKU,VARIANT,QUANTITY) values ('ORD0000000122','SKU00044','None',1);
Insert into BG12CS011.ORDER_PARTICULAR (ORDER_ID,SKU,VARIANT,QUANTITY) values ('ORD0000000127','SKU00029','None',5);
Insert into BG12CS011.ORDER_PARTICULAR (ORDER_ID,SKU,VARIANT,QUANTITY) values ('ORD0000000147','SKU00044','None',1);
Insert into BG12CS011.ORDER_PARTICULAR (ORDER_ID,SKU,VARIANT,QUANTITY) values ('ORD0000000150','SKU00046','None',1);
Insert into BG12CS011.ORDER_PARTICULAR (ORDER_ID,SKU,VARIANT,QUANTITY) values ('ORD0000000150','SKU00047','None',1);
Insert into BG12CS011.ORDER_PARTICULAR (ORDER_ID,SKU,VARIANT,QUANTITY) values ('ORD0000000150','SKU00045','Cabin',1);
Insert into BG12CS011.ORDER_PARTICULAR (ORDER_ID,SKU,VARIANT,QUANTITY) values ('ORD0000000152','SKU00023','Magic Masala',2);
Insert into BG12CS011.ORDER_PARTICULAR (ORDER_ID,SKU,VARIANT,QUANTITY) values ('ORD0000000152','SKU00025','500 ml',1);
Insert into BG12CS011.ORDER_PARTICULAR (ORDER_ID,SKU,VARIANT,QUANTITY) values ('ORD0000000127','SKU00030','None',2);
Insert into BG12CS011.ORDER_PARTICULAR (ORDER_ID,SKU,VARIANT,QUANTITY) values ('ORD0000000127','SKU00031','None',3);
Insert into BG12CS011.ORDER_PARTICULAR (ORDER_ID,SKU,VARIANT,QUANTITY) values ('ORD0000000152','SKU00027','None',4);
Insert into BG12CS011.ORDER_PARTICULAR (ORDER_ID,SKU,VARIANT,QUANTITY) values ('ORD0000000132','SKU00026','500 ml',3);
Insert into BG12CS011.ORDER_PARTICULAR (ORDER_ID,SKU,VARIANT,QUANTITY) values ('ORD0000000132','SKU00024','Large Pack',2);
Insert into BG12CS011.ORDER_PARTICULAR (ORDER_ID,SKU,VARIANT,QUANTITY) values ('ORD0000000136','SKU00045','Check-in',1);
Insert into BG12CS011.ORDER_PARTICULAR (ORDER_ID,SKU,VARIANT,QUANTITY) values ('ORD0000000138','SKU00048','None',2);
Insert into BG12CS011.ORDER_PARTICULAR (ORDER_ID,SKU,VARIANT,QUANTITY) values ('ORD0000000139','SKU00049','None',10);
REM INSERTING into BG12CS011.PRODUCT
SET DEFINE OFF;
Insert into BG12CS011.PRODUCT (SKU,PRODUCT_NAME,DEPARTMENT_CODE,PRODUCT_TYPE,VENDOR) values ('SKU00041','Dettol Soap','HHS','HHS/Hygiene','Reckitt Benckiser');
Insert into BG12CS011.PRODUCT (SKU,PRODUCT_NAME,DEPARTMENT_CODE,PRODUCT_TYPE,VENDOR) values ('SKU00042','Tide Detergent','HHS','HHS/Cleaning','Procter and Gamble');
Insert into BG12CS011.PRODUCT (SKU,PRODUCT_NAME,DEPARTMENT_CODE,PRODUCT_TYPE,VENDOR) values ('SKU00043','Pantene Shampoo','HHS','HHS/Hygiene','Procter and Gamble');
Insert into BG12CS011.PRODUCT (SKU,PRODUCT_NAME,DEPARTMENT_CODE,PRODUCT_TYPE,VENDOR) values ('SKU00044','Domex Floor Cleaner','HHS','HHS/Cleaning','Hindustan Unilever');
Insert into BG12CS011.PRODUCT (SKU,PRODUCT_NAME,DEPARTMENT_CODE,PRODUCT_TYPE,VENDOR) values ('SKU00045','Travel Luggage','CNH','CNH/Carriers','American Tourister');
Insert into BG12CS011.PRODUCT (SKU,PRODUCT_NAME,DEPARTMENT_CODE,PRODUCT_TYPE,VENDOR) values ('SKU00023','Lays Chips','FNG','FNG/Snacks','Frito');
Insert into BG12CS011.PRODUCT (SKU,PRODUCT_NAME,DEPARTMENT_CODE,PRODUCT_TYPE,VENDOR) values ('SKU00024','Maggi Noodles','FNG','FNG/Snacks','Nestle');
Insert into BG12CS011.PRODUCT (SKU,PRODUCT_NAME,DEPARTMENT_CODE,PRODUCT_TYPE,VENDOR) values ('SKU00025','Pepsi Drink','FNG','FNG/Beverages','PepsiCo');
Insert into BG12CS011.PRODUCT (SKU,PRODUCT_NAME,DEPARTMENT_CODE,PRODUCT_TYPE,VENDOR) values ('SKU00026','Coke Drink','FNG','FNG/Beverages','Coca Cola');
Insert into BG12CS011.PRODUCT (SKU,PRODUCT_NAME,DEPARTMENT_CODE,PRODUCT_TYPE,VENDOR) values ('SKU00027','Snickers','FNG','FNG/Confectionary','Mars');
Insert into BG12CS011.PRODUCT (SKU,PRODUCT_NAME,DEPARTMENT_CODE,PRODUCT_TYPE,VENDOR) values ('SKU00028','Kit-kat','FNG','FNG/Confectionary','Nestle');
Insert into BG12CS011.PRODUCT (SKU,PRODUCT_NAME,DEPARTMENT_CODE,PRODUCT_TYPE,VENDOR) values ('SKU00029','Rice Grains','FNG','FNG/Provisions','Aashirvaad');
Insert into BG12CS011.PRODUCT (SKU,PRODUCT_NAME,DEPARTMENT_CODE,PRODUCT_TYPE,VENDOR) values ('SKU00030','Rice Flour','FNG','FNG/Provisions','Aashirvaad');
Insert into BG12CS011.PRODUCT (SKU,PRODUCT_NAME,DEPARTMENT_CODE,PRODUCT_TYPE,VENDOR) values ('SKU00031','Wheat Flour','FNG','FNG/Provisions','Aashirvaad');
Insert into BG12CS011.PRODUCT (SKU,PRODUCT_NAME,DEPARTMENT_CODE,PRODUCT_TYPE,VENDOR) values ('SKU00046','Genuine Leather Wallet','CNH','CNH/Carriers','Puma');
Insert into BG12CS011.PRODUCT (SKU,PRODUCT_NAME,DEPARTMENT_CODE,PRODUCT_TYPE,VENDOR) values ('SKU00047','BvS Keychain','CNH','CNH/Accessories','Optimus Traders');
Insert into BG12CS011.PRODUCT (SKU,PRODUCT_NAME,DEPARTMENT_CODE,PRODUCT_TYPE,VENDOR) values ('SKU00048','Vapor Speed Bag','CNH','CNH/Carriers','Nike');
Insert into BG12CS011.PRODUCT (SKU,PRODUCT_NAME,DEPARTMENT_CODE,PRODUCT_TYPE,VENDOR) values ('SKU00049','Small Note Book','STN','STN/School','Navneet');
Insert into BG12CS011.PRODUCT (SKU,PRODUCT_NAME,DEPARTMENT_CODE,PRODUCT_TYPE,VENDOR) values ('SKU00050','A4 Size Book','STN','STN/School','Classmate');
Insert into BG12CS011.PRODUCT (SKU,PRODUCT_NAME,DEPARTMENT_CODE,PRODUCT_TYPE,VENDOR) values ('SKU00051','Corrugated Cardboard Sheets','STN','STN/Office','uPack');
Insert into BG12CS011.PRODUCT (SKU,PRODUCT_NAME,DEPARTMENT_CODE,PRODUCT_TYPE,VENDOR) values ('SKU00052','Canon Printer Ink','STN','STN/Office','Staples');
Insert into BG12CS011.PRODUCT (SKU,PRODUCT_NAME,DEPARTMENT_CODE,PRODUCT_TYPE,VENDOR) values ('SKU00061','Marker Pen','STN','STN/Office','Sharpie');
REM INSERTING into BG12CS011.PRODUCT_DESCRIPTION
SET DEFINE OFF;
Insert into BG12CS011.PRODUCT_DESCRIPTION (SKU,VARIANT,MRP,STOCK_QUANTITY,QUANTITY_THRESHOLD,QUANTITY_UNIT,STATUS) values ('SKU00041','Sensitive Skin',20,45,30,'pcs','Available');
Insert into BG12CS011.PRODUCT_DESCRIPTION (SKU,VARIANT,MRP,STOCK_QUANTITY,QUANTITY_THRESHOLD,QUANTITY_UNIT,STATUS) values ('SKU00041','Total Care',20,30,30,'pcs','Available');
Insert into BG12CS011.PRODUCT_DESCRIPTION (SKU,VARIANT,MRP,STOCK_QUANTITY,QUANTITY_THRESHOLD,QUANTITY_UNIT,STATUS) values ('SKU00045','Check-in',3500,4,2,'pcs','Available');
Insert into BG12CS011.PRODUCT_DESCRIPTION (SKU,VARIANT,MRP,STOCK_QUANTITY,QUANTITY_THRESHOLD,QUANTITY_UNIT,STATUS) values ('SKU00045','Cabin',3500,1,2,'pcs','Running Low');
Insert into BG12CS011.PRODUCT_DESCRIPTION (SKU,VARIANT,MRP,STOCK_QUANTITY,QUANTITY_THRESHOLD,QUANTITY_UNIT,STATUS) values ('SKU00042','None',45,20,30,'pcs','Running Low');
Insert into BG12CS011.PRODUCT_DESCRIPTION (SKU,VARIANT,MRP,STOCK_QUANTITY,QUANTITY_THRESHOLD,QUANTITY_UNIT,STATUS) values ('SKU00043','None',20,40,30,'pcs','Available');
Insert into BG12CS011.PRODUCT_DESCRIPTION (SKU,VARIANT,MRP,STOCK_QUANTITY,QUANTITY_THRESHOLD,QUANTITY_UNIT,STATUS) values ('SKU00044','None',80,20,10,'pcs','Available');
Insert into BG12CS011.PRODUCT_DESCRIPTION (SKU,VARIANT,MRP,STOCK_QUANTITY,QUANTITY_THRESHOLD,QUANTITY_UNIT,STATUS) values ('SKU00023','Magic Masala',20,5,10,'pcs','Running Low');
Insert into BG12CS011.PRODUCT_DESCRIPTION (SKU,VARIANT,MRP,STOCK_QUANTITY,QUANTITY_THRESHOLD,QUANTITY_UNIT,STATUS) values ('SKU00023','Tomato Tango',20,20,10,'pcs','Available');
Insert into BG12CS011.PRODUCT_DESCRIPTION (SKU,VARIANT,MRP,STOCK_QUANTITY,QUANTITY_THRESHOLD,QUANTITY_UNIT,STATUS) values ('SKU00023','Cream N Onion',20,0,10,'pcs','Out of Stock');
Insert into BG12CS011.PRODUCT_DESCRIPTION (SKU,VARIANT,MRP,STOCK_QUANTITY,QUANTITY_THRESHOLD,QUANTITY_UNIT,STATUS) values ('SKU00023','Classic Salted',20,5,10,'pcs','Running Low');
Insert into BG12CS011.PRODUCT_DESCRIPTION (SKU,VARIANT,MRP,STOCK_QUANTITY,QUANTITY_THRESHOLD,QUANTITY_UNIT,STATUS) values ('SKU00024','Small Pack',50,22,20,'pcs','Available');
Insert into BG12CS011.PRODUCT_DESCRIPTION (SKU,VARIANT,MRP,STOCK_QUANTITY,QUANTITY_THRESHOLD,QUANTITY_UNIT,STATUS) values ('SKU00024','Large Pack',100,25,20,'pcs','Available');
Insert into BG12CS011.PRODUCT_DESCRIPTION (SKU,VARIANT,MRP,STOCK_QUANTITY,QUANTITY_THRESHOLD,QUANTITY_UNIT,STATUS) values ('SKU00025','500 ml',50,12,20,'pcs','Running Low');
Insert into BG12CS011.PRODUCT_DESCRIPTION (SKU,VARIANT,MRP,STOCK_QUANTITY,QUANTITY_THRESHOLD,QUANTITY_UNIT,STATUS) values ('SKU00025','1 litre',100,27,20,'pcs','Available');
Insert into BG12CS011.PRODUCT_DESCRIPTION (SKU,VARIANT,MRP,STOCK_QUANTITY,QUANTITY_THRESHOLD,QUANTITY_UNIT,STATUS) values ('SKU00026','500 ml',50,30,20,'pcs','Available');
Insert into BG12CS011.PRODUCT_DESCRIPTION (SKU,VARIANT,MRP,STOCK_QUANTITY,QUANTITY_THRESHOLD,QUANTITY_UNIT,STATUS) values ('SKU00026','1 litre',100,3,20,'pcs','Running Low');
Insert into BG12CS011.PRODUCT_DESCRIPTION (SKU,VARIANT,MRP,STOCK_QUANTITY,QUANTITY_THRESHOLD,QUANTITY_UNIT,STATUS) values ('SKU00027','None',30,58,25,'pcs','Available');
Insert into BG12CS011.PRODUCT_DESCRIPTION (SKU,VARIANT,MRP,STOCK_QUANTITY,QUANTITY_THRESHOLD,QUANTITY_UNIT,STATUS) values ('SKU00028','None',20,42,25,'pcs','Available');
Insert into BG12CS011.PRODUCT_DESCRIPTION (SKU,VARIANT,MRP,STOCK_QUANTITY,QUANTITY_THRESHOLD,QUANTITY_UNIT,STATUS) values ('SKU00029','None',60,50,40,'kg','Available');
Insert into BG12CS011.PRODUCT_DESCRIPTION (SKU,VARIANT,MRP,STOCK_QUANTITY,QUANTITY_THRESHOLD,QUANTITY_UNIT,STATUS) values ('SKU00030','None',60,70,40,'kg','Available');
Insert into BG12CS011.PRODUCT_DESCRIPTION (SKU,VARIANT,MRP,STOCK_QUANTITY,QUANTITY_THRESHOLD,QUANTITY_UNIT,STATUS) values ('SKU00031','None',60,70,40,'kg','Available');
Insert into BG12CS011.PRODUCT_DESCRIPTION (SKU,VARIANT,MRP,STOCK_QUANTITY,QUANTITY_THRESHOLD,QUANTITY_UNIT,STATUS) values ('SKU00046','None',400,0,10,'pcs','Out of Stock');
Insert into BG12CS011.PRODUCT_DESCRIPTION (SKU,VARIANT,MRP,STOCK_QUANTITY,QUANTITY_THRESHOLD,QUANTITY_UNIT,STATUS) values ('SKU00047','None',100,0,10,'pcs','Out of Stock');
Insert into BG12CS011.PRODUCT_DESCRIPTION (SKU,VARIANT,MRP,STOCK_QUANTITY,QUANTITY_THRESHOLD,QUANTITY_UNIT,STATUS) values ('SKU00048','None',2500,5,2,'pcs','Available');
Insert into BG12CS011.PRODUCT_DESCRIPTION (SKU,VARIANT,MRP,STOCK_QUANTITY,QUANTITY_THRESHOLD,QUANTITY_UNIT,STATUS) values ('SKU00049','None',40,50,40,'pcs','Available');
Insert into BG12CS011.PRODUCT_DESCRIPTION (SKU,VARIANT,MRP,STOCK_QUANTITY,QUANTITY_THRESHOLD,QUANTITY_UNIT,STATUS) values ('SKU00050','None',60,30,40,'pcs','Running Low');
Insert into BG12CS011.PRODUCT_DESCRIPTION (SKU,VARIANT,MRP,STOCK_QUANTITY,QUANTITY_THRESHOLD,QUANTITY_UNIT,STATUS) values ('SKU00051','None',45,20,30,'m','Running Low');
Insert into BG12CS011.PRODUCT_DESCRIPTION (SKU,VARIANT,MRP,STOCK_QUANTITY,QUANTITY_THRESHOLD,QUANTITY_UNIT,STATUS) values ('SKU00052','Black',4000,40,10,'pcs','Available');
Insert into BG12CS011.PRODUCT_DESCRIPTION (SKU,VARIANT,MRP,STOCK_QUANTITY,QUANTITY_THRESHOLD,QUANTITY_UNIT,STATUS) values ('SKU00061','Black',40,25,30,'pcs','Running Low');
REM INSERTING into BG12CS011.V_NEW_ORDER
SET DEFINE OFF;
Insert into BG12CS011.V_NEW_ORDER (SKU,PRODUCT_NAME,VARIANT,QUANTITY,ORDER_ID) values ('SKU00023','Lays Chips','Cream N Onion','8 pcs','ORD0000000104');
Insert into BG12CS011.V_NEW_ORDER (SKU,PRODUCT_NAME,VARIANT,QUANTITY,ORDER_ID) values ('SKU00023','Lays Chips','Classic Salted','7 pcs','ORD0000000104');
Insert into BG12CS011.V_NEW_ORDER (SKU,PRODUCT_NAME,VARIANT,QUANTITY,ORDER_ID) values ('SKU00041','Dettol Soap','Total Care','6 pcs','ORD0000000104');
Insert into BG12CS011.V_NEW_ORDER (SKU,PRODUCT_NAME,VARIANT,QUANTITY,ORDER_ID) values ('SKU00025','Pepsi Drink','1 litre','2 pcs','ORD0000000121');
Insert into BG12CS011.V_NEW_ORDER (SKU,PRODUCT_NAME,VARIANT,QUANTITY,ORDER_ID) values ('SKU00027','Snickers','None','5 pcs','ORD0000000121');
Insert into BG12CS011.V_NEW_ORDER (SKU,PRODUCT_NAME,VARIANT,QUANTITY,ORDER_ID) values ('SKU00028','Kit-kat','None','5 pcs','ORD0000000121');
Insert into BG12CS011.V_NEW_ORDER (SKU,PRODUCT_NAME,VARIANT,QUANTITY,ORDER_ID) values ('SKU00050','A4 Size Book','None','8 pcs','ORD0000000139');
Insert into BG12CS011.V_NEW_ORDER (SKU,PRODUCT_NAME,VARIANT,QUANTITY,ORDER_ID) values ('SKU00051','Corrugated Cardboard Sheets','None','5 m','ORD0000000146');
Insert into BG12CS011.V_NEW_ORDER (SKU,PRODUCT_NAME,VARIANT,QUANTITY,ORDER_ID) values ('SKU00052','Canon Printer Ink','Black','2 pcs','ORD0000000146');
Insert into BG12CS011.V_NEW_ORDER (SKU,PRODUCT_NAME,VARIANT,QUANTITY,ORDER_ID) values ('SKU00042','Tide Detergent','None','2 pcs','ORD0000000147');
Insert into BG12CS011.V_NEW_ORDER (SKU,PRODUCT_NAME,VARIANT,QUANTITY,ORDER_ID) values ('SKU00041','Dettol Soap','Total Care','5 pcs','ORD0000000147');
Insert into BG12CS011.V_NEW_ORDER (SKU,PRODUCT_NAME,VARIANT,QUANTITY,ORDER_ID) values ('SKU00042','Tide Detergent','None','2 pcs','ORD0000000122');
Insert into BG12CS011.V_NEW_ORDER (SKU,PRODUCT_NAME,VARIANT,QUANTITY,ORDER_ID) values ('SKU00043','Pantene Shampoo','None','1 pcs','ORD0000000122');
Insert into BG12CS011.V_NEW_ORDER (SKU,PRODUCT_NAME,VARIANT,QUANTITY,ORDER_ID) values ('SKU00044','Domex Floor Cleaner','None','1 pcs','ORD0000000122');
Insert into BG12CS011.V_NEW_ORDER (SKU,PRODUCT_NAME,VARIANT,QUANTITY,ORDER_ID) values ('SKU00029','Rice Grains','None','5 kg','ORD0000000127');
Insert into BG12CS011.V_NEW_ORDER (SKU,PRODUCT_NAME,VARIANT,QUANTITY,ORDER_ID) values ('SKU00044','Domex Floor Cleaner','None','1 pcs','ORD0000000147');
Insert into BG12CS011.V_NEW_ORDER (SKU,PRODUCT_NAME,VARIANT,QUANTITY,ORDER_ID) values ('SKU00046','Genuine Leather Wallet','None','1 pcs','ORD0000000150');
Insert into BG12CS011.V_NEW_ORDER (SKU,PRODUCT_NAME,VARIANT,QUANTITY,ORDER_ID) values ('SKU00047','BvS Keychain','None','1 pcs','ORD0000000150');
Insert into BG12CS011.V_NEW_ORDER (SKU,PRODUCT_NAME,VARIANT,QUANTITY,ORDER_ID) values ('SKU00045','Travel Luggage','Cabin','1 pcs','ORD0000000150');
Insert into BG12CS011.V_NEW_ORDER (SKU,PRODUCT_NAME,VARIANT,QUANTITY,ORDER_ID) values ('SKU00023','Lays Chips','Magic Masala','2 pcs','ORD0000000152');
Insert into BG12CS011.V_NEW_ORDER (SKU,PRODUCT_NAME,VARIANT,QUANTITY,ORDER_ID) values ('SKU00025','Pepsi Drink','500 ml','1 pcs','ORD0000000152');
Insert into BG12CS011.V_NEW_ORDER (SKU,PRODUCT_NAME,VARIANT,QUANTITY,ORDER_ID) values ('SKU00030','Rice Flour','None','2 kg','ORD0000000127');
Insert into BG12CS011.V_NEW_ORDER (SKU,PRODUCT_NAME,VARIANT,QUANTITY,ORDER_ID) values ('SKU00031','Wheat Flour','None','3 kg','ORD0000000127');
Insert into BG12CS011.V_NEW_ORDER (SKU,PRODUCT_NAME,VARIANT,QUANTITY,ORDER_ID) values ('SKU00027','Snickers','None','4 pcs','ORD0000000152');
Insert into BG12CS011.V_NEW_ORDER (SKU,PRODUCT_NAME,VARIANT,QUANTITY,ORDER_ID) values ('SKU00026','Coke Drink','500 ml','3 pcs','ORD0000000132');
Insert into BG12CS011.V_NEW_ORDER (SKU,PRODUCT_NAME,VARIANT,QUANTITY,ORDER_ID) values ('SKU00024','Maggi Noodles','Large Pack','2 pcs','ORD0000000132');
Insert into BG12CS011.V_NEW_ORDER (SKU,PRODUCT_NAME,VARIANT,QUANTITY,ORDER_ID) values ('SKU00045','Travel Luggage','Check-in','1 pcs','ORD0000000136');
Insert into BG12CS011.V_NEW_ORDER (SKU,PRODUCT_NAME,VARIANT,QUANTITY,ORDER_ID) values ('SKU00048','Vapor Speed Bag','None','2 pcs','ORD0000000138');
Insert into BG12CS011.V_NEW_ORDER (SKU,PRODUCT_NAME,VARIANT,QUANTITY,ORDER_ID) values ('SKU00049','Small Note Book','None','10 pcs','ORD0000000139');
REM INSERTING into BG12CS011.V_PRODUCTS
SET DEFINE OFF;
Insert into BG12CS011.V_PRODUCTS (SKU,PRODUCT_NAME,VARIANT,QUANTITY,DEPARTMENT_NAME,PRODUCT_TYPE) values ('SKU00023','Lays Chips','Classic Salted','5 pcs','Food and Groceries','FNG/Snacks');
Insert into BG12CS011.V_PRODUCTS (SKU,PRODUCT_NAME,VARIANT,QUANTITY,DEPARTMENT_NAME,PRODUCT_TYPE) values ('SKU00023','Lays Chips','Cream N Onion','0 pcs','Food and Groceries','FNG/Snacks');
Insert into BG12CS011.V_PRODUCTS (SKU,PRODUCT_NAME,VARIANT,QUANTITY,DEPARTMENT_NAME,PRODUCT_TYPE) values ('SKU00023','Lays Chips','Tomato Tango','20 pcs','Food and Groceries','FNG/Snacks');
Insert into BG12CS011.V_PRODUCTS (SKU,PRODUCT_NAME,VARIANT,QUANTITY,DEPARTMENT_NAME,PRODUCT_TYPE) values ('SKU00023','Lays Chips','Magic Masala','5 pcs','Food and Groceries','FNG/Snacks');
Insert into BG12CS011.V_PRODUCTS (SKU,PRODUCT_NAME,VARIANT,QUANTITY,DEPARTMENT_NAME,PRODUCT_TYPE) values ('SKU00024','Maggi Noodles','Large Pack','25 pcs','Food and Groceries','FNG/Snacks');
Insert into BG12CS011.V_PRODUCTS (SKU,PRODUCT_NAME,VARIANT,QUANTITY,DEPARTMENT_NAME,PRODUCT_TYPE) values ('SKU00024','Maggi Noodles','Small Pack','22 pcs','Food and Groceries','FNG/Snacks');
Insert into BG12CS011.V_PRODUCTS (SKU,PRODUCT_NAME,VARIANT,QUANTITY,DEPARTMENT_NAME,PRODUCT_TYPE) values ('SKU00025','Pepsi Drink','500 ml','12 pcs','Food and Groceries','FNG/Beverages');
Insert into BG12CS011.V_PRODUCTS (SKU,PRODUCT_NAME,VARIANT,QUANTITY,DEPARTMENT_NAME,PRODUCT_TYPE) values ('SKU00025','Pepsi Drink','1 litre','27 pcs','Food and Groceries','FNG/Beverages');
Insert into BG12CS011.V_PRODUCTS (SKU,PRODUCT_NAME,VARIANT,QUANTITY,DEPARTMENT_NAME,PRODUCT_TYPE) values ('SKU00026','Coke Drink','500 ml','30 pcs','Food and Groceries','FNG/Beverages');
Insert into BG12CS011.V_PRODUCTS (SKU,PRODUCT_NAME,VARIANT,QUANTITY,DEPARTMENT_NAME,PRODUCT_TYPE) values ('SKU00026','Coke Drink','1 litre','3 pcs','Food and Groceries','FNG/Beverages');
Insert into BG12CS011.V_PRODUCTS (SKU,PRODUCT_NAME,VARIANT,QUANTITY,DEPARTMENT_NAME,PRODUCT_TYPE) values ('SKU00027','Snickers','None','58 pcs','Food and Groceries','FNG/Confectionary');
Insert into BG12CS011.V_PRODUCTS (SKU,PRODUCT_NAME,VARIANT,QUANTITY,DEPARTMENT_NAME,PRODUCT_TYPE) values ('SKU00028','Kit-kat','None','42 pcs','Food and Groceries','FNG/Confectionary');
Insert into BG12CS011.V_PRODUCTS (SKU,PRODUCT_NAME,VARIANT,QUANTITY,DEPARTMENT_NAME,PRODUCT_TYPE) values ('SKU00029','Rice Grains','None','50 kg','Food and Groceries','FNG/Provisions');
Insert into BG12CS011.V_PRODUCTS (SKU,PRODUCT_NAME,VARIANT,QUANTITY,DEPARTMENT_NAME,PRODUCT_TYPE) values ('SKU00030','Rice Flour','None','70 kg','Food and Groceries','FNG/Provisions');
Insert into BG12CS011.V_PRODUCTS (SKU,PRODUCT_NAME,VARIANT,QUANTITY,DEPARTMENT_NAME,PRODUCT_TYPE) values ('SKU00031','Wheat Flour','None','70 kg','Food and Groceries','FNG/Provisions');
Insert into BG12CS011.V_PRODUCTS (SKU,PRODUCT_NAME,VARIANT,QUANTITY,DEPARTMENT_NAME,PRODUCT_TYPE) values ('SKU00041','Dettol Soap','Sensitive Skin','45 pcs','Household Supplies','HHS/Hygiene');
Insert into BG12CS011.V_PRODUCTS (SKU,PRODUCT_NAME,VARIANT,QUANTITY,DEPARTMENT_NAME,PRODUCT_TYPE) values ('SKU00041','Dettol Soap','Total Care','30 pcs','Household Supplies','HHS/Hygiene');
Insert into BG12CS011.V_PRODUCTS (SKU,PRODUCT_NAME,VARIANT,QUANTITY,DEPARTMENT_NAME,PRODUCT_TYPE) values ('SKU00042','Tide Detergent','None','20 pcs','Household Supplies','HHS/Cleaning');
Insert into BG12CS011.V_PRODUCTS (SKU,PRODUCT_NAME,VARIANT,QUANTITY,DEPARTMENT_NAME,PRODUCT_TYPE) values ('SKU00043','Pantene Shampoo','None','40 pcs','Household Supplies','HHS/Hygiene');
Insert into BG12CS011.V_PRODUCTS (SKU,PRODUCT_NAME,VARIANT,QUANTITY,DEPARTMENT_NAME,PRODUCT_TYPE) values ('SKU00044','Domex Floor Cleaner','None','20 pcs','Household Supplies','HHS/Cleaning');
Insert into BG12CS011.V_PRODUCTS (SKU,PRODUCT_NAME,VARIANT,QUANTITY,DEPARTMENT_NAME,PRODUCT_TYPE) values ('SKU00045','Travel Luggage','Cabin','1 pcs','Crafts and Handmade','CNH/Carriers');
Insert into BG12CS011.V_PRODUCTS (SKU,PRODUCT_NAME,VARIANT,QUANTITY,DEPARTMENT_NAME,PRODUCT_TYPE) values ('SKU00045','Travel Luggage','Check-in','4 pcs','Crafts and Handmade','CNH/Carriers');
Insert into BG12CS011.V_PRODUCTS (SKU,PRODUCT_NAME,VARIANT,QUANTITY,DEPARTMENT_NAME,PRODUCT_TYPE) values ('SKU00046','Genuine Leather Wallet','None','0 pcs','Crafts and Handmade','CNH/Carriers');
Insert into BG12CS011.V_PRODUCTS (SKU,PRODUCT_NAME,VARIANT,QUANTITY,DEPARTMENT_NAME,PRODUCT_TYPE) values ('SKU00047','BvS Keychain','None','0 pcs','Crafts and Handmade','CNH/Accessories');
Insert into BG12CS011.V_PRODUCTS (SKU,PRODUCT_NAME,VARIANT,QUANTITY,DEPARTMENT_NAME,PRODUCT_TYPE) values ('SKU00048','Vapor Speed Bag','None','5 pcs','Crafts and Handmade','CNH/Carriers');
Insert into BG12CS011.V_PRODUCTS (SKU,PRODUCT_NAME,VARIANT,QUANTITY,DEPARTMENT_NAME,PRODUCT_TYPE) values ('SKU00049','Small Note Book','None','50 pcs','Stationery','STN/School');
Insert into BG12CS011.V_PRODUCTS (SKU,PRODUCT_NAME,VARIANT,QUANTITY,DEPARTMENT_NAME,PRODUCT_TYPE) values ('SKU00050','A4 Size Book','None','30 pcs','Stationery','STN/School');
Insert into BG12CS011.V_PRODUCTS (SKU,PRODUCT_NAME,VARIANT,QUANTITY,DEPARTMENT_NAME,PRODUCT_TYPE) values ('SKU00051','Corrugated Cardboard Sheets','None','20 m','Stationery','STN/Office');
Insert into BG12CS011.V_PRODUCTS (SKU,PRODUCT_NAME,VARIANT,QUANTITY,DEPARTMENT_NAME,PRODUCT_TYPE) values ('SKU00052','Canon Printer Ink','Black','40 pcs','Stationery','STN/Office');
Insert into BG12CS011.V_PRODUCTS (SKU,PRODUCT_NAME,VARIANT,QUANTITY,DEPARTMENT_NAME,PRODUCT_TYPE) values ('SKU00061','Marker Pen','Black','25 pcs','Stationery','STN/Office');
REM INSERTING into BG12CS011.V_PRODUCTS_WO_VARIANT
SET DEFINE OFF;
Insert into BG12CS011.V_PRODUCTS_WO_VARIANT (SKU,PRODUCT_NAME,TOTAL_QUANTITY,DEPARTMENT_NAME,PRODUCT_TYPE) values ('SKU00023','Lays Chips',30,'Food and Groceries','FNG/Snacks');
Insert into BG12CS011.V_PRODUCTS_WO_VARIANT (SKU,PRODUCT_NAME,TOTAL_QUANTITY,DEPARTMENT_NAME,PRODUCT_TYPE) values ('SKU00024','Maggi Noodles',47,'Food and Groceries','FNG/Snacks');
Insert into BG12CS011.V_PRODUCTS_WO_VARIANT (SKU,PRODUCT_NAME,TOTAL_QUANTITY,DEPARTMENT_NAME,PRODUCT_TYPE) values ('SKU00025','Pepsi Drink',39,'Food and Groceries','FNG/Beverages');
Insert into BG12CS011.V_PRODUCTS_WO_VARIANT (SKU,PRODUCT_NAME,TOTAL_QUANTITY,DEPARTMENT_NAME,PRODUCT_TYPE) values ('SKU00026','Coke Drink',33,'Food and Groceries','FNG/Beverages');
Insert into BG12CS011.V_PRODUCTS_WO_VARIANT (SKU,PRODUCT_NAME,TOTAL_QUANTITY,DEPARTMENT_NAME,PRODUCT_TYPE) values ('SKU00027','Snickers',58,'Food and Groceries','FNG/Confectionary');
Insert into BG12CS011.V_PRODUCTS_WO_VARIANT (SKU,PRODUCT_NAME,TOTAL_QUANTITY,DEPARTMENT_NAME,PRODUCT_TYPE) values ('SKU00028','Kit-kat',42,'Food and Groceries','FNG/Confectionary');
Insert into BG12CS011.V_PRODUCTS_WO_VARIANT (SKU,PRODUCT_NAME,TOTAL_QUANTITY,DEPARTMENT_NAME,PRODUCT_TYPE) values ('SKU00029','Rice Grains',50,'Food and Groceries','FNG/Provisions');
Insert into BG12CS011.V_PRODUCTS_WO_VARIANT (SKU,PRODUCT_NAME,TOTAL_QUANTITY,DEPARTMENT_NAME,PRODUCT_TYPE) values ('SKU00030','Rice Flour',70,'Food and Groceries','FNG/Provisions');
Insert into BG12CS011.V_PRODUCTS_WO_VARIANT (SKU,PRODUCT_NAME,TOTAL_QUANTITY,DEPARTMENT_NAME,PRODUCT_TYPE) values ('SKU00031','Wheat Flour',70,'Food and Groceries','FNG/Provisions');
Insert into BG12CS011.V_PRODUCTS_WO_VARIANT (SKU,PRODUCT_NAME,TOTAL_QUANTITY,DEPARTMENT_NAME,PRODUCT_TYPE) values ('SKU00041','Dettol Soap',75,'Household Supplies','HHS/Hygiene');
Insert into BG12CS011.V_PRODUCTS_WO_VARIANT (SKU,PRODUCT_NAME,TOTAL_QUANTITY,DEPARTMENT_NAME,PRODUCT_TYPE) values ('SKU00042','Tide Detergent',20,'Household Supplies','HHS/Cleaning');
Insert into BG12CS011.V_PRODUCTS_WO_VARIANT (SKU,PRODUCT_NAME,TOTAL_QUANTITY,DEPARTMENT_NAME,PRODUCT_TYPE) values ('SKU00043','Pantene Shampoo',40,'Household Supplies','HHS/Hygiene');
Insert into BG12CS011.V_PRODUCTS_WO_VARIANT (SKU,PRODUCT_NAME,TOTAL_QUANTITY,DEPARTMENT_NAME,PRODUCT_TYPE) values ('SKU00044','Domex Floor Cleaner',20,'Household Supplies','HHS/Cleaning');
Insert into BG12CS011.V_PRODUCTS_WO_VARIANT (SKU,PRODUCT_NAME,TOTAL_QUANTITY,DEPARTMENT_NAME,PRODUCT_TYPE) values ('SKU00045','Travel Luggage',5,'Crafts and Handmade','CNH/Carriers');
Insert into BG12CS011.V_PRODUCTS_WO_VARIANT (SKU,PRODUCT_NAME,TOTAL_QUANTITY,DEPARTMENT_NAME,PRODUCT_TYPE) values ('SKU00046','Genuine Leather Wallet',0,'Crafts and Handmade','CNH/Carriers');
Insert into BG12CS011.V_PRODUCTS_WO_VARIANT (SKU,PRODUCT_NAME,TOTAL_QUANTITY,DEPARTMENT_NAME,PRODUCT_TYPE) values ('SKU00047','BvS Keychain',0,'Crafts and Handmade','CNH/Accessories');
Insert into BG12CS011.V_PRODUCTS_WO_VARIANT (SKU,PRODUCT_NAME,TOTAL_QUANTITY,DEPARTMENT_NAME,PRODUCT_TYPE) values ('SKU00048','Vapor Speed Bag',5,'Crafts and Handmade','CNH/Carriers');
Insert into BG12CS011.V_PRODUCTS_WO_VARIANT (SKU,PRODUCT_NAME,TOTAL_QUANTITY,DEPARTMENT_NAME,PRODUCT_TYPE) values ('SKU00049','Small Note Book',50,'Stationery','STN/School');
Insert into BG12CS011.V_PRODUCTS_WO_VARIANT (SKU,PRODUCT_NAME,TOTAL_QUANTITY,DEPARTMENT_NAME,PRODUCT_TYPE) values ('SKU00050','A4 Size Book',30,'Stationery','STN/School');
Insert into BG12CS011.V_PRODUCTS_WO_VARIANT (SKU,PRODUCT_NAME,TOTAL_QUANTITY,DEPARTMENT_NAME,PRODUCT_TYPE) values ('SKU00051','Corrugated Cardboard Sheets',20,'Stationery','STN/Office');
Insert into BG12CS011.V_PRODUCTS_WO_VARIANT (SKU,PRODUCT_NAME,TOTAL_QUANTITY,DEPARTMENT_NAME,PRODUCT_TYPE) values ('SKU00052','Canon Printer Ink',40,'Stationery','STN/Office');
Insert into BG12CS011.V_PRODUCTS_WO_VARIANT (SKU,PRODUCT_NAME,TOTAL_QUANTITY,DEPARTMENT_NAME,PRODUCT_TYPE) values ('SKU00061','Marker Pen',25,'Stationery','STN/Office');
REM INSERTING into BG12CS011.V_STOCK
SET DEFINE OFF;
Insert into BG12CS011.V_STOCK (PRODUCT_NAME,VARIANT,DEPARTMENT_NAME,QTY_AVAILABLE,QTY_THRESHOLD,STATUS) values ('Lays Chips','Classic Salted','Food and Groceries','5 pcs','10 pcs','Running Low');
Insert into BG12CS011.V_STOCK (PRODUCT_NAME,VARIANT,DEPARTMENT_NAME,QTY_AVAILABLE,QTY_THRESHOLD,STATUS) values ('Lays Chips','Cream N Onion','Food and Groceries','0 pcs','10 pcs','Out of Stock');
Insert into BG12CS011.V_STOCK (PRODUCT_NAME,VARIANT,DEPARTMENT_NAME,QTY_AVAILABLE,QTY_THRESHOLD,STATUS) values ('Lays Chips','Tomato Tango','Food and Groceries','20 pcs','10 pcs','Available');
Insert into BG12CS011.V_STOCK (PRODUCT_NAME,VARIANT,DEPARTMENT_NAME,QTY_AVAILABLE,QTY_THRESHOLD,STATUS) values ('Lays Chips','Magic Masala','Food and Groceries','5 pcs','10 pcs','Running Low');
Insert into BG12CS011.V_STOCK (PRODUCT_NAME,VARIANT,DEPARTMENT_NAME,QTY_AVAILABLE,QTY_THRESHOLD,STATUS) values ('Maggi Noodles','Large Pack','Food and Groceries','25 pcs','20 pcs','Available');
Insert into BG12CS011.V_STOCK (PRODUCT_NAME,VARIANT,DEPARTMENT_NAME,QTY_AVAILABLE,QTY_THRESHOLD,STATUS) values ('Maggi Noodles','Small Pack','Food and Groceries','22 pcs','20 pcs','Available');
Insert into BG12CS011.V_STOCK (PRODUCT_NAME,VARIANT,DEPARTMENT_NAME,QTY_AVAILABLE,QTY_THRESHOLD,STATUS) values ('Pepsi Drink','500 ml','Food and Groceries','12 pcs','20 pcs','Running Low');
Insert into BG12CS011.V_STOCK (PRODUCT_NAME,VARIANT,DEPARTMENT_NAME,QTY_AVAILABLE,QTY_THRESHOLD,STATUS) values ('Pepsi Drink','1 litre','Food and Groceries','27 pcs','20 pcs','Available');
Insert into BG12CS011.V_STOCK (PRODUCT_NAME,VARIANT,DEPARTMENT_NAME,QTY_AVAILABLE,QTY_THRESHOLD,STATUS) values ('Coke Drink','500 ml','Food and Groceries','30 pcs','20 pcs','Available');
Insert into BG12CS011.V_STOCK (PRODUCT_NAME,VARIANT,DEPARTMENT_NAME,QTY_AVAILABLE,QTY_THRESHOLD,STATUS) values ('Coke Drink','1 litre','Food and Groceries','3 pcs','20 pcs','Running Low');
Insert into BG12CS011.V_STOCK (PRODUCT_NAME,VARIANT,DEPARTMENT_NAME,QTY_AVAILABLE,QTY_THRESHOLD,STATUS) values ('Snickers','None','Food and Groceries','58 pcs','25 pcs','Available');
Insert into BG12CS011.V_STOCK (PRODUCT_NAME,VARIANT,DEPARTMENT_NAME,QTY_AVAILABLE,QTY_THRESHOLD,STATUS) values ('Kit-kat','None','Food and Groceries','42 pcs','25 pcs','Available');
Insert into BG12CS011.V_STOCK (PRODUCT_NAME,VARIANT,DEPARTMENT_NAME,QTY_AVAILABLE,QTY_THRESHOLD,STATUS) values ('Rice Grains','None','Food and Groceries','50 kg','40 kg','Available');
Insert into BG12CS011.V_STOCK (PRODUCT_NAME,VARIANT,DEPARTMENT_NAME,QTY_AVAILABLE,QTY_THRESHOLD,STATUS) values ('Rice Flour','None','Food and Groceries','70 kg','40 kg','Available');
Insert into BG12CS011.V_STOCK (PRODUCT_NAME,VARIANT,DEPARTMENT_NAME,QTY_AVAILABLE,QTY_THRESHOLD,STATUS) values ('Wheat Flour','None','Food and Groceries','70 kg','40 kg','Available');
Insert into BG12CS011.V_STOCK (PRODUCT_NAME,VARIANT,DEPARTMENT_NAME,QTY_AVAILABLE,QTY_THRESHOLD,STATUS) values ('Dettol Soap','Sensitive Skin','Household Supplies','45 pcs','30 pcs','Available');
Insert into BG12CS011.V_STOCK (PRODUCT_NAME,VARIANT,DEPARTMENT_NAME,QTY_AVAILABLE,QTY_THRESHOLD,STATUS) values ('Dettol Soap','Total Care','Household Supplies','30 pcs','30 pcs','Available');
Insert into BG12CS011.V_STOCK (PRODUCT_NAME,VARIANT,DEPARTMENT_NAME,QTY_AVAILABLE,QTY_THRESHOLD,STATUS) values ('Tide Detergent','None','Household Supplies','20 pcs','30 pcs','Running Low');
Insert into BG12CS011.V_STOCK (PRODUCT_NAME,VARIANT,DEPARTMENT_NAME,QTY_AVAILABLE,QTY_THRESHOLD,STATUS) values ('Pantene Shampoo','None','Household Supplies','40 pcs','30 pcs','Available');
Insert into BG12CS011.V_STOCK (PRODUCT_NAME,VARIANT,DEPARTMENT_NAME,QTY_AVAILABLE,QTY_THRESHOLD,STATUS) values ('Domex Floor Cleaner','None','Household Supplies','20 pcs','10 pcs','Available');
Insert into BG12CS011.V_STOCK (PRODUCT_NAME,VARIANT,DEPARTMENT_NAME,QTY_AVAILABLE,QTY_THRESHOLD,STATUS) values ('Travel Luggage','Cabin','Crafts and Handmade','1 pcs','2 pcs','Running Low');
Insert into BG12CS011.V_STOCK (PRODUCT_NAME,VARIANT,DEPARTMENT_NAME,QTY_AVAILABLE,QTY_THRESHOLD,STATUS) values ('Travel Luggage','Check-in','Crafts and Handmade','4 pcs','2 pcs','Available');
Insert into BG12CS011.V_STOCK (PRODUCT_NAME,VARIANT,DEPARTMENT_NAME,QTY_AVAILABLE,QTY_THRESHOLD,STATUS) values ('Genuine Leather Wallet','None','Crafts and Handmade','0 pcs','10 pcs','Out of Stock');
Insert into BG12CS011.V_STOCK (PRODUCT_NAME,VARIANT,DEPARTMENT_NAME,QTY_AVAILABLE,QTY_THRESHOLD,STATUS) values ('BvS Keychain','None','Crafts and Handmade','0 pcs','10 pcs','Out of Stock');
Insert into BG12CS011.V_STOCK (PRODUCT_NAME,VARIANT,DEPARTMENT_NAME,QTY_AVAILABLE,QTY_THRESHOLD,STATUS) values ('Vapor Speed Bag','None','Crafts and Handmade','5 pcs','2 pcs','Available');
Insert into BG12CS011.V_STOCK (PRODUCT_NAME,VARIANT,DEPARTMENT_NAME,QTY_AVAILABLE,QTY_THRESHOLD,STATUS) values ('Small Note Book','None','Stationery','50 pcs','40 pcs','Available');
Insert into BG12CS011.V_STOCK (PRODUCT_NAME,VARIANT,DEPARTMENT_NAME,QTY_AVAILABLE,QTY_THRESHOLD,STATUS) values ('A4 Size Book','None','Stationery','30 pcs','40 pcs','Running Low');
Insert into BG12CS011.V_STOCK (PRODUCT_NAME,VARIANT,DEPARTMENT_NAME,QTY_AVAILABLE,QTY_THRESHOLD,STATUS) values ('Corrugated Cardboard Sheets','None','Stationery','20 m','30 m','Running Low');
Insert into BG12CS011.V_STOCK (PRODUCT_NAME,VARIANT,DEPARTMENT_NAME,QTY_AVAILABLE,QTY_THRESHOLD,STATUS) values ('Canon Printer Ink','Black','Stationery','40 pcs','10 pcs','Available');
Insert into BG12CS011.V_STOCK (PRODUCT_NAME,VARIANT,DEPARTMENT_NAME,QTY_AVAILABLE,QTY_THRESHOLD,STATUS) values ('Marker Pen','Black','Stationery','25 pcs','30 pcs','Running Low');
REM INSERTING into BG12CS011.V_UPDATE_PRODUCT
SET DEFINE OFF;
Insert into BG12CS011.V_UPDATE_PRODUCT (SKU,PRODUCT_NAME,DEPARTMENT_CODE,PRODUCT_TYPE,VENDOR,VARIANT,MRP,STOCK_QUANTITY,QUANTITY_THRESHOLD,QUANTITY_UNIT) values ('SKU00041','Dettol Soap','HHS','HHS/Hygiene','Reckitt Benckiser','Sensitive Skin',20,45,30,'pcs');
Insert into BG12CS011.V_UPDATE_PRODUCT (SKU,PRODUCT_NAME,DEPARTMENT_CODE,PRODUCT_TYPE,VENDOR,VARIANT,MRP,STOCK_QUANTITY,QUANTITY_THRESHOLD,QUANTITY_UNIT) values ('SKU00041','Dettol Soap','HHS','HHS/Hygiene','Reckitt Benckiser','Total Care',20,30,30,'pcs');
Insert into BG12CS011.V_UPDATE_PRODUCT (SKU,PRODUCT_NAME,DEPARTMENT_CODE,PRODUCT_TYPE,VENDOR,VARIANT,MRP,STOCK_QUANTITY,QUANTITY_THRESHOLD,QUANTITY_UNIT) values ('SKU00045','Travel Luggage','CNH','CNH/Carriers','American Tourister','Check-in',3500,4,2,'pcs');
Insert into BG12CS011.V_UPDATE_PRODUCT (SKU,PRODUCT_NAME,DEPARTMENT_CODE,PRODUCT_TYPE,VENDOR,VARIANT,MRP,STOCK_QUANTITY,QUANTITY_THRESHOLD,QUANTITY_UNIT) values ('SKU00045','Travel Luggage','CNH','CNH/Carriers','American Tourister','Cabin',3500,1,2,'pcs');
Insert into BG12CS011.V_UPDATE_PRODUCT (SKU,PRODUCT_NAME,DEPARTMENT_CODE,PRODUCT_TYPE,VENDOR,VARIANT,MRP,STOCK_QUANTITY,QUANTITY_THRESHOLD,QUANTITY_UNIT) values ('SKU00042','Tide Detergent','HHS','HHS/Cleaning','Procter and Gamble','None',45,20,30,'pcs');
Insert into BG12CS011.V_UPDATE_PRODUCT (SKU,PRODUCT_NAME,DEPARTMENT_CODE,PRODUCT_TYPE,VENDOR,VARIANT,MRP,STOCK_QUANTITY,QUANTITY_THRESHOLD,QUANTITY_UNIT) values ('SKU00043','Pantene Shampoo','HHS','HHS/Hygiene','Procter and Gamble','None',20,40,30,'pcs');
Insert into BG12CS011.V_UPDATE_PRODUCT (SKU,PRODUCT_NAME,DEPARTMENT_CODE,PRODUCT_TYPE,VENDOR,VARIANT,MRP,STOCK_QUANTITY,QUANTITY_THRESHOLD,QUANTITY_UNIT) values ('SKU00044','Domex Floor Cleaner','HHS','HHS/Cleaning','Hindustan Unilever','None',80,20,10,'pcs');
Insert into BG12CS011.V_UPDATE_PRODUCT (SKU,PRODUCT_NAME,DEPARTMENT_CODE,PRODUCT_TYPE,VENDOR,VARIANT,MRP,STOCK_QUANTITY,QUANTITY_THRESHOLD,QUANTITY_UNIT) values ('SKU00023','Lays Chips','FNG','FNG/Snacks','Frito','Magic Masala',20,5,10,'pcs');
Insert into BG12CS011.V_UPDATE_PRODUCT (SKU,PRODUCT_NAME,DEPARTMENT_CODE,PRODUCT_TYPE,VENDOR,VARIANT,MRP,STOCK_QUANTITY,QUANTITY_THRESHOLD,QUANTITY_UNIT) values ('SKU00023','Lays Chips','FNG','FNG/Snacks','Frito','Tomato Tango',20,20,10,'pcs');
Insert into BG12CS011.V_UPDATE_PRODUCT (SKU,PRODUCT_NAME,DEPARTMENT_CODE,PRODUCT_TYPE,VENDOR,VARIANT,MRP,STOCK_QUANTITY,QUANTITY_THRESHOLD,QUANTITY_UNIT) values ('SKU00023','Lays Chips','FNG','FNG/Snacks','Frito','Cream N Onion',20,0,10,'pcs');
Insert into BG12CS011.V_UPDATE_PRODUCT (SKU,PRODUCT_NAME,DEPARTMENT_CODE,PRODUCT_TYPE,VENDOR,VARIANT,MRP,STOCK_QUANTITY,QUANTITY_THRESHOLD,QUANTITY_UNIT) values ('SKU00023','Lays Chips','FNG','FNG/Snacks','Frito','Classic Salted',20,5,10,'pcs');
Insert into BG12CS011.V_UPDATE_PRODUCT (SKU,PRODUCT_NAME,DEPARTMENT_CODE,PRODUCT_TYPE,VENDOR,VARIANT,MRP,STOCK_QUANTITY,QUANTITY_THRESHOLD,QUANTITY_UNIT) values ('SKU00024','Maggi Noodles','FNG','FNG/Snacks','Nestle','Small Pack',50,22,20,'pcs');
Insert into BG12CS011.V_UPDATE_PRODUCT (SKU,PRODUCT_NAME,DEPARTMENT_CODE,PRODUCT_TYPE,VENDOR,VARIANT,MRP,STOCK_QUANTITY,QUANTITY_THRESHOLD,QUANTITY_UNIT) values ('SKU00024','Maggi Noodles','FNG','FNG/Snacks','Nestle','Large Pack',100,25,20,'pcs');
Insert into BG12CS011.V_UPDATE_PRODUCT (SKU,PRODUCT_NAME,DEPARTMENT_CODE,PRODUCT_TYPE,VENDOR,VARIANT,MRP,STOCK_QUANTITY,QUANTITY_THRESHOLD,QUANTITY_UNIT) values ('SKU00025','Pepsi Drink','FNG','FNG/Beverages','PepsiCo','500 ml',50,12,20,'pcs');
Insert into BG12CS011.V_UPDATE_PRODUCT (SKU,PRODUCT_NAME,DEPARTMENT_CODE,PRODUCT_TYPE,VENDOR,VARIANT,MRP,STOCK_QUANTITY,QUANTITY_THRESHOLD,QUANTITY_UNIT) values ('SKU00025','Pepsi Drink','FNG','FNG/Beverages','PepsiCo','1 litre',100,27,20,'pcs');
Insert into BG12CS011.V_UPDATE_PRODUCT (SKU,PRODUCT_NAME,DEPARTMENT_CODE,PRODUCT_TYPE,VENDOR,VARIANT,MRP,STOCK_QUANTITY,QUANTITY_THRESHOLD,QUANTITY_UNIT) values ('SKU00026','Coke Drink','FNG','FNG/Beverages','Coca Cola','500 ml',50,30,20,'pcs');
Insert into BG12CS011.V_UPDATE_PRODUCT (SKU,PRODUCT_NAME,DEPARTMENT_CODE,PRODUCT_TYPE,VENDOR,VARIANT,MRP,STOCK_QUANTITY,QUANTITY_THRESHOLD,QUANTITY_UNIT) values ('SKU00026','Coke Drink','FNG','FNG/Beverages','Coca Cola','1 litre',100,3,20,'pcs');
Insert into BG12CS011.V_UPDATE_PRODUCT (SKU,PRODUCT_NAME,DEPARTMENT_CODE,PRODUCT_TYPE,VENDOR,VARIANT,MRP,STOCK_QUANTITY,QUANTITY_THRESHOLD,QUANTITY_UNIT) values ('SKU00027','Snickers','FNG','FNG/Confectionary','Mars','None',30,58,25,'pcs');
Insert into BG12CS011.V_UPDATE_PRODUCT (SKU,PRODUCT_NAME,DEPARTMENT_CODE,PRODUCT_TYPE,VENDOR,VARIANT,MRP,STOCK_QUANTITY,QUANTITY_THRESHOLD,QUANTITY_UNIT) values ('SKU00028','Kit-kat','FNG','FNG/Confectionary','Nestle','None',20,42,25,'pcs');
Insert into BG12CS011.V_UPDATE_PRODUCT (SKU,PRODUCT_NAME,DEPARTMENT_CODE,PRODUCT_TYPE,VENDOR,VARIANT,MRP,STOCK_QUANTITY,QUANTITY_THRESHOLD,QUANTITY_UNIT) values ('SKU00029','Rice Grains','FNG','FNG/Provisions','Aashirvaad','None',60,50,40,'kg');
Insert into BG12CS011.V_UPDATE_PRODUCT (SKU,PRODUCT_NAME,DEPARTMENT_CODE,PRODUCT_TYPE,VENDOR,VARIANT,MRP,STOCK_QUANTITY,QUANTITY_THRESHOLD,QUANTITY_UNIT) values ('SKU00030','Rice Flour','FNG','FNG/Provisions','Aashirvaad','None',60,70,40,'kg');
Insert into BG12CS011.V_UPDATE_PRODUCT (SKU,PRODUCT_NAME,DEPARTMENT_CODE,PRODUCT_TYPE,VENDOR,VARIANT,MRP,STOCK_QUANTITY,QUANTITY_THRESHOLD,QUANTITY_UNIT) values ('SKU00031','Wheat Flour','FNG','FNG/Provisions','Aashirvaad','None',60,70,40,'kg');
Insert into BG12CS011.V_UPDATE_PRODUCT (SKU,PRODUCT_NAME,DEPARTMENT_CODE,PRODUCT_TYPE,VENDOR,VARIANT,MRP,STOCK_QUANTITY,QUANTITY_THRESHOLD,QUANTITY_UNIT) values ('SKU00046','Genuine Leather Wallet','CNH','CNH/Carriers','Puma','None',400,0,10,'pcs');
Insert into BG12CS011.V_UPDATE_PRODUCT (SKU,PRODUCT_NAME,DEPARTMENT_CODE,PRODUCT_TYPE,VENDOR,VARIANT,MRP,STOCK_QUANTITY,QUANTITY_THRESHOLD,QUANTITY_UNIT) values ('SKU00047','BvS Keychain','CNH','CNH/Accessories','Optimus Traders','None',100,0,10,'pcs');
Insert into BG12CS011.V_UPDATE_PRODUCT (SKU,PRODUCT_NAME,DEPARTMENT_CODE,PRODUCT_TYPE,VENDOR,VARIANT,MRP,STOCK_QUANTITY,QUANTITY_THRESHOLD,QUANTITY_UNIT) values ('SKU00048','Vapor Speed Bag','CNH','CNH/Carriers','Nike','None',2500,5,2,'pcs');
Insert into BG12CS011.V_UPDATE_PRODUCT (SKU,PRODUCT_NAME,DEPARTMENT_CODE,PRODUCT_TYPE,VENDOR,VARIANT,MRP,STOCK_QUANTITY,QUANTITY_THRESHOLD,QUANTITY_UNIT) values ('SKU00049','Small Note Book','STN','STN/School','Navneet','None',40,50,40,'pcs');
Insert into BG12CS011.V_UPDATE_PRODUCT (SKU,PRODUCT_NAME,DEPARTMENT_CODE,PRODUCT_TYPE,VENDOR,VARIANT,MRP,STOCK_QUANTITY,QUANTITY_THRESHOLD,QUANTITY_UNIT) values ('SKU00050','A4 Size Book','STN','STN/School','Classmate','None',60,30,40,'pcs');
Insert into BG12CS011.V_UPDATE_PRODUCT (SKU,PRODUCT_NAME,DEPARTMENT_CODE,PRODUCT_TYPE,VENDOR,VARIANT,MRP,STOCK_QUANTITY,QUANTITY_THRESHOLD,QUANTITY_UNIT) values ('SKU00051','Corrugated Cardboard Sheets','STN','STN/Office','uPack','None',45,20,30,'m');
Insert into BG12CS011.V_UPDATE_PRODUCT (SKU,PRODUCT_NAME,DEPARTMENT_CODE,PRODUCT_TYPE,VENDOR,VARIANT,MRP,STOCK_QUANTITY,QUANTITY_THRESHOLD,QUANTITY_UNIT) values ('SKU00052','Canon Printer Ink','STN','STN/Office','Staples','Black',4000,40,10,'pcs');
Insert into BG12CS011.V_UPDATE_PRODUCT (SKU,PRODUCT_NAME,DEPARTMENT_CODE,PRODUCT_TYPE,VENDOR,VARIANT,MRP,STOCK_QUANTITY,QUANTITY_THRESHOLD,QUANTITY_UNIT) values ('SKU00061','Marker Pen','STN','STN/Office','Sharpie','Black',40,25,30,'pcs');
--------------------------------------------------------
--  DDL for Index DEPARTMENT_CODE_PK
--------------------------------------------------------

  CREATE UNIQUE INDEX "BG12CS011"."DEPARTMENT_CODE_PK" ON "BG12CS011"."DEPARTMENT" ("DEPARTMENT_CODE") 
  PCTFREE 10 INITRANS 2 MAXTRANS 255 COMPUTE STATISTICS 
  STORAGE(INITIAL 65536 NEXT 1048576 MINEXTENTS 1 MAXEXTENTS 2147483645
  PCTINCREASE 0 FREELISTS 1 FREELIST GROUPS 1 BUFFER_POOL DEFAULT FLASH_CACHE DEFAULT CELL_FLASH_CACHE DEFAULT)
  TABLESPACE "SYSTEM" ;
--------------------------------------------------------
--  DDL for Index DEPARTMENT_LOCATION_UNIQUE
--------------------------------------------------------

  CREATE UNIQUE INDEX "BG12CS011"."DEPARTMENT_LOCATION_UNIQUE" ON "BG12CS011"."DEPARTMENT" ("DEPARTMENT_LOCATION") 
  PCTFREE 10 INITRANS 2 MAXTRANS 255 COMPUTE STATISTICS 
  STORAGE(INITIAL 65536 NEXT 1048576 MINEXTENTS 1 MAXEXTENTS 2147483645
  PCTINCREASE 0 FREELISTS 1 FREELIST GROUPS 1 BUFFER_POOL DEFAULT FLASH_CACHE DEFAULT CELL_FLASH_CACHE DEFAULT)
  TABLESPACE "SYSTEM" ;
--------------------------------------------------------
--  DDL for Index EMPLOYEE_ID_PK
--------------------------------------------------------

  CREATE UNIQUE INDEX "BG12CS011"."EMPLOYEE_ID_PK" ON "BG12CS011"."EMPLOYEE" ("EMPLOYEE_ID") 
  PCTFREE 10 INITRANS 2 MAXTRANS 255 COMPUTE STATISTICS 
  STORAGE(INITIAL 65536 NEXT 1048576 MINEXTENTS 1 MAXEXTENTS 2147483645
  PCTINCREASE 0 FREELISTS 1 FREELIST GROUPS 1 BUFFER_POOL DEFAULT FLASH_CACHE DEFAULT CELL_FLASH_CACHE DEFAULT)
  TABLESPACE "SYSTEM" ;
--------------------------------------------------------
--  DDL for Index EMPLOYEE_ID_UNIQUE
--------------------------------------------------------

  CREATE UNIQUE INDEX "BG12CS011"."EMPLOYEE_ID_UNIQUE" ON "BG12CS011"."ACCOUNTS" ("EMPLOYEE_ID") 
  PCTFREE 10 INITRANS 2 MAXTRANS 255 COMPUTE STATISTICS 
  STORAGE(INITIAL 65536 NEXT 1048576 MINEXTENTS 1 MAXEXTENTS 2147483645
  PCTINCREASE 0 FREELISTS 1 FREELIST GROUPS 1 BUFFER_POOL DEFAULT FLASH_CACHE DEFAULT CELL_FLASH_CACHE DEFAULT)
  TABLESPACE "SYSTEM" ;
--------------------------------------------------------
--  DDL for Index ORDER_ID_PK
--------------------------------------------------------

  CREATE UNIQUE INDEX "BG12CS011"."ORDER_ID_PK" ON "BG12CS011"."ORDERS" ("ORDER_ID") 
  PCTFREE 10 INITRANS 2 MAXTRANS 255 COMPUTE STATISTICS 
  STORAGE(INITIAL 65536 NEXT 1048576 MINEXTENTS 1 MAXEXTENTS 2147483645
  PCTINCREASE 0 FREELISTS 1 FREELIST GROUPS 1 BUFFER_POOL DEFAULT FLASH_CACHE DEFAULT CELL_FLASH_CACHE DEFAULT)
  TABLESPACE "SYSTEM" ;
--------------------------------------------------------
--  DDL for Index ORDER_ID_UNIQUE
--------------------------------------------------------

  CREATE UNIQUE INDEX "BG12CS011"."ORDER_ID_UNIQUE" ON "BG12CS011"."DELIVERY" ("ORDER_ID") 
  PCTFREE 10 INITRANS 2 MAXTRANS 255 COMPUTE STATISTICS 
  STORAGE(INITIAL 65536 NEXT 1048576 MINEXTENTS 1 MAXEXTENTS 2147483645
  PCTINCREASE 0 FREELISTS 1 FREELIST GROUPS 1 BUFFER_POOL DEFAULT FLASH_CACHE DEFAULT CELL_FLASH_CACHE DEFAULT)
  TABLESPACE "SYSTEM" ;
--------------------------------------------------------
--  DDL for Index ORDER_PRODUCT_UNIQUE
--------------------------------------------------------

  CREATE UNIQUE INDEX "BG12CS011"."ORDER_PRODUCT_UNIQUE" ON "BG12CS011"."ORDER_PARTICULAR" ("ORDER_ID", "SKU", "VARIANT") 
  PCTFREE 10 INITRANS 2 MAXTRANS 255 COMPUTE STATISTICS 
  STORAGE(INITIAL 65536 NEXT 1048576 MINEXTENTS 1 MAXEXTENTS 2147483645
  PCTINCREASE 0 FREELISTS 1 FREELIST GROUPS 1 BUFFER_POOL DEFAULT FLASH_CACHE DEFAULT CELL_FLASH_CACHE DEFAULT)
  TABLESPACE "SYSTEM" ;
--------------------------------------------------------
--  DDL for Index PRODUCT_LINE_UNIQUE
--------------------------------------------------------

  CREATE UNIQUE INDEX "BG12CS011"."PRODUCT_LINE_UNIQUE" ON "BG12CS011"."PRODUCT_DESCRIPTION" ("SKU", "VARIANT") 
  PCTFREE 10 INITRANS 2 MAXTRANS 255 COMPUTE STATISTICS 
  STORAGE(INITIAL 65536 NEXT 1048576 MINEXTENTS 1 MAXEXTENTS 2147483645
  PCTINCREASE 0 FREELISTS 1 FREELIST GROUPS 1 BUFFER_POOL DEFAULT FLASH_CACHE DEFAULT CELL_FLASH_CACHE DEFAULT)
  TABLESPACE "SYSTEM" ;
--------------------------------------------------------
--  DDL for Index SKU_PK
--------------------------------------------------------

  CREATE UNIQUE INDEX "BG12CS011"."SKU_PK" ON "BG12CS011"."PRODUCT" ("SKU") 
  PCTFREE 10 INITRANS 2 MAXTRANS 255 COMPUTE STATISTICS 
  STORAGE(INITIAL 65536 NEXT 1048576 MINEXTENTS 1 MAXEXTENTS 2147483645
  PCTINCREASE 0 FREELISTS 1 FREELIST GROUPS 1 BUFFER_POOL DEFAULT FLASH_CACHE DEFAULT CELL_FLASH_CACHE DEFAULT)
  TABLESPACE "SYSTEM" ;
--------------------------------------------------------
--  DDL for Index USERNAME_PK
--------------------------------------------------------

  CREATE UNIQUE INDEX "BG12CS011"."USERNAME_PK" ON "BG12CS011"."ACCOUNTS" ("USERNAME") 
  PCTFREE 10 INITRANS 2 MAXTRANS 255 COMPUTE STATISTICS 
  STORAGE(INITIAL 65536 NEXT 1048576 MINEXTENTS 1 MAXEXTENTS 2147483645
  PCTINCREASE 0 FREELISTS 1 FREELIST GROUPS 1 BUFFER_POOL DEFAULT FLASH_CACHE DEFAULT CELL_FLASH_CACHE DEFAULT)
  TABLESPACE "SYSTEM" ;
--------------------------------------------------------
--  DDL for Trigger EMPLOYEE_ID_TRIGGER
--------------------------------------------------------

  CREATE OR REPLACE TRIGGER "BG12CS011"."EMPLOYEE_ID_TRIGGER" 
    BEFORE INSERT
    ON EMPLOYEE
    REFERENCING NEW AS NEW OLD AS OLD
    FOR EACH ROW
BEGIN
        SELECT 'EMP' || TO_CHAR(EMPLOYEE_ID_SEQ.NEXTVAL, 'FM00000') INTO :NEW.EMPLOYEE_ID FROM DUAL;
END EMPLOYEE_ID_TRIGGER;

/
ALTER TRIGGER "BG12CS011"."EMPLOYEE_ID_TRIGGER" ENABLE;
--------------------------------------------------------
--  DDL for Trigger ORDER_ID_TRIGGER
--------------------------------------------------------

  CREATE OR REPLACE TRIGGER "BG12CS011"."ORDER_ID_TRIGGER" 
    BEFORE INSERT
    ON ORDERS
    REFERENCING NEW AS NEW OLD AS OLD
    FOR EACH ROW
BEGIN
        SELECT 'ORD' || TO_CHAR(ORDER_ID_SEQ.NEXTVAL, 'FM0000000000') INTO :NEW.ORDER_ID FROM DUAL;
END ORDER_ID_TRIGGER;

/
ALTER TRIGGER "BG12CS011"."ORDER_ID_TRIGGER" ENABLE;
--------------------------------------------------------
--  DDL for Trigger ORDER_ITEM_TRIGGER
--------------------------------------------------------

  CREATE OR REPLACE TRIGGER "BG12CS011"."ORDER_ITEM_TRIGGER" 
  INSTEAD OF INSERT ON V_NEW_ORDER
BEGIN
    INSERT INTO ORDER_PARTICULAR(ORDER_ID,SKU,VARIANT,QUANTITY) VALUES (:NEW.ORDER_ID,:NEW.SKU,:NEW.VARIANT,:NEW.QUANTITY);
EXCEPTION
  WHEN DUP_VAL_ON_INDEX THEN
    UPDATE ORDER_PARTICULAR
    SET QUANTITY=QUANTITY+:NEW.QUANTITY
    WHERE ORDER_ID=:NEW.ORDER_ID AND SKU=:NEW.SKU AND VARIANT=:NEW.VARIANT;
END ORDER_ITEM_TRIGGER;
/
ALTER TRIGGER "BG12CS011"."ORDER_ITEM_TRIGGER" ENABLE;
--------------------------------------------------------
--  DDL for Trigger PRODUCT_SKU_TRIGGER
--------------------------------------------------------

  CREATE OR REPLACE TRIGGER "BG12CS011"."PRODUCT_SKU_TRIGGER" 
    BEFORE INSERT
    ON PRODUCT
    REFERENCING NEW AS NEW OLD AS OLD
    FOR EACH ROW
BEGIN
        SELECT 'SKU' || TO_CHAR(PRODUCT_SKU_SEQ.NEXTVAL, 'FM00000') INTO :NEW.SKU FROM DUAL;
END PRODUCT_SKU_TRIGGER;

/
ALTER TRIGGER "BG12CS011"."PRODUCT_SKU_TRIGGER" ENABLE;
--------------------------------------------------------
--  DDL for Procedure ADD_NEW_PRODUCT
--------------------------------------------------------
set define off;

  CREATE OR REPLACE PROCEDURE "BG12CS011"."ADD_NEW_PRODUCT" (
    SV_NAME IN PRODUCT.PRODUCT_NAME%TYPE,
    SV_DCODE IN PRODUCT.DEPARTMENT_CODE%TYPE,
    SV_PTYPE IN PRODUCT.PRODUCT_TYPE%TYPE,
    SV_VENDOR IN PRODUCT.VENDOR%TYPE,
    SV_SKU OUT PRODUCT.SKU%TYPE)
AS
BEGIN
    INSERT INTO PRODUCT(PRODUCT_NAME,DEPARTMENT_CODE,PRODUCT_TYPE,VENDOR) VALUES(SV_NAME,SV_DCODE,SV_PTYPE,SV_VENDOR)
    RETURNING SKU INTO SV_SKU;
END;

/
--------------------------------------------------------
--  DDL for Procedure COMPUTE_PRODUCT_COUNT
--------------------------------------------------------
set define off;

  CREATE OR REPLACE PROCEDURE "BG12CS011"."COMPUTE_PRODUCT_COUNT" 
AS
  SV_DEPT_CODE CHAR(3);
  SV_PROD_COUNT NUMBER;
  CURSOR PRODUCT_COUNT_CURSOR IS 
  SELECT DEPARTMENT_CODE, COUNT(*) FROM PRODUCT
  GROUP BY DEPARTMENT_CODE;
BEGIN
OPEN PRODUCT_COUNT_CURSOR;
  LOOP
    FETCH PRODUCT_COUNT_CURSOR INTO SV_DEPT_CODE,SV_PROD_COUNT;
    EXIT WHEN PRODUCT_COUNT_CURSOR%NOTFOUND;
    UPDATE DEPARTMENT SET PRODUCT_COUNT=SV_PROD_COUNT WHERE DEPARTMENT_CODE=SV_DEPT_CODE;
  END LOOP;
  DBMS_OUTPUT.PUT_LINE('Computed product count for ' || PRODUCT_COUNT_CURSOR%ROWCOUNT || ' departments.');
CLOSE PRODUCT_COUNT_CURSOR;
 END COMPUTE_PRODUCT_COUNT;

/
--------------------------------------------------------
--  DDL for Procedure COMPUTE_PRODUCT_STATUS
--------------------------------------------------------
set define off;

  CREATE OR REPLACE PROCEDURE "BG12CS011"."COMPUTE_PRODUCT_STATUS" 
AS
  SV_SKU VARCHAR2(8);
  SV_VARIANT VARCHAR2(45);
  SV_CURR_QTY NUMBER;
  SV_QTY_THR NUMBER;
  CURSOR PRODUCT_STATUS_CURSOR IS 
  SELECT SKU,VARIANT,STOCK_QUANTITY,QUANTITY_THRESHOLD
  FROM PRODUCT_DESCRIPTION;
BEGIN
OPEN PRODUCT_STATUS_CURSOR;
  LOOP
    FETCH PRODUCT_STATUS_CURSOR INTO SV_SKU,SV_VARIANT,SV_CURR_QTY,SV_QTY_THR;
    EXIT WHEN PRODUCT_STATUS_CURSOR%NOTFOUND;
    IF (SV_CURR_QTY=0 OR SV_CURR_QTY IS NULL) THEN
      UPDATE PRODUCT_DESCRIPTION SET STATUS='Out of Stock' WHERE SKU=SV_SKU AND (VARIANT=SV_VARIANT OR VARIANT IS NULL);
    ELSIF (SV_QTY_THR IS NOT NULL AND SV_CURR_QTY < SV_QTY_THR) THEN
      UPDATE PRODUCT_DESCRIPTION SET STATUS='Running Low' WHERE SKU=SV_SKU AND (VARIANT=SV_VARIANT OR VARIANT IS NULL);
    ELSE
      UPDATE PRODUCT_DESCRIPTION SET STATUS='Available' WHERE SKU=SV_SKU AND (VARIANT=SV_VARIANT OR VARIANT IS NULL);
    END IF;
  END LOOP;
  DBMS_OUTPUT.PUT_LINE('Updated status for ' || PRODUCT_STATUS_CURSOR%ROWCOUNT || ' products.');
CLOSE PRODUCT_STATUS_CURSOR;
END COMPUTE_PRODUCT_STATUS;

/
--------------------------------------------------------
--  DDL for Procedure COMPUTE_PURCHASE_AMOUNT
--------------------------------------------------------
set define off;

  CREATE OR REPLACE PROCEDURE "BG12CS011"."COMPUTE_PURCHASE_AMOUNT" (
SV_ORDERID IN ORDER_PARTICULAR.ORDER_ID%TYPE) AS
CURSOR NEW_PURCHASE_CURSOR IS
SELECT OP.QUANTITY,PD.MRP FROM ORDER_PARTICULAR OP, PRODUCT_DESCRIPTION PD WHERE ORDER_ID=SV_ORDERID AND OP.SKU=PD.SKU AND OP.VARIANT=PD.VARIANT;
SV_QTY NUMBER;
SV_MRP NUMBER;
SV_PROD NUMBER;
SV_AMOUNT NUMBER := 0;
BEGIN
  OPEN NEW_PURCHASE_CURSOR;
  LOOP
  FETCH NEW_PURCHASE_CURSOR INTO SV_QTY,SV_MRP;
  EXIT WHEN NEW_PURCHASE_CURSOR%NOTFOUND;
  SV_PROD:=SV_MRP*SV_QTY;
  SV_AMOUNT:=SV_AMOUNT+SV_PROD;
  END LOOP;
  UPDATE ORDERS SET PURCHASE_AMOUNT=SV_AMOUNT WHERE ORDER_ID=SV_ORDERID;
  CLOSE NEW_PURCHASE_CURSOR;
END COMPUTE_PURCHASE_AMOUNT;

/
--------------------------------------------------------
--  DDL for Procedure MAKE_NEW_ORDER
--------------------------------------------------------
set define off;

  CREATE OR REPLACE PROCEDURE "BG12CS011"."MAKE_NEW_ORDER" (
    SV_EMP_ID IN EMPLOYEE.EMPLOYEE_ID%TYPE,
    SV_ORDER_ID OUT ORDERS.ORDER_ID%TYPE)
AS
BEGIN
    INSERT INTO ORDERS(EMPLOYEE_ID,ORDER_TIMESTAMP)
    VALUES(SV_EMP_ID,CURRENT_TIMESTAMP)
    RETURNING ORDER_ID INTO SV_ORDER_ID;
END;

/
--------------------------------------------------------
--  DDL for Synonymn DUAL
--------------------------------------------------------

  CREATE OR REPLACE PUBLIC SYNONYM "DUAL" FOR "SYS"."DUAL";
--------------------------------------------------------
--  DDL for Synonymn DBMS_OUTPUT
--------------------------------------------------------

  CREATE OR REPLACE PUBLIC SYNONYM "DBMS_OUTPUT" FOR "SYS"."DBMS_OUTPUT";
--------------------------------------------------------
--  Constraints for Table ACCOUNTS
--------------------------------------------------------

  ALTER TABLE "BG12CS011"."ACCOUNTS" ADD CONSTRAINT "EMPLOYEE_ID_UNIQUE" UNIQUE ("EMPLOYEE_ID")
  USING INDEX PCTFREE 10 INITRANS 2 MAXTRANS 255 COMPUTE STATISTICS 
  STORAGE(INITIAL 65536 NEXT 1048576 MINEXTENTS 1 MAXEXTENTS 2147483645
  PCTINCREASE 0 FREELISTS 1 FREELIST GROUPS 1 BUFFER_POOL DEFAULT FLASH_CACHE DEFAULT CELL_FLASH_CACHE DEFAULT)
  TABLESPACE "SYSTEM"  ENABLE;
  ALTER TABLE "BG12CS011"."ACCOUNTS" MODIFY ("EMPLOYEE_ID" NOT NULL ENABLE);
  ALTER TABLE "BG12CS011"."ACCOUNTS" ADD CONSTRAINT "CHECK_IS_MANAGER" CHECK (IS_MANAGER IN (0,1)) ENABLE;
  ALTER TABLE "BG12CS011"."ACCOUNTS" ADD CONSTRAINT "CHECK_IS_ADMIN" CHECK (IS_ADMIN IN (0,1)) ENABLE;
  ALTER TABLE "BG12CS011"."ACCOUNTS" ADD CONSTRAINT "USERNAME_PK" PRIMARY KEY ("USERNAME")
  USING INDEX PCTFREE 10 INITRANS 2 MAXTRANS 255 COMPUTE STATISTICS 
  STORAGE(INITIAL 65536 NEXT 1048576 MINEXTENTS 1 MAXEXTENTS 2147483645
  PCTINCREASE 0 FREELISTS 1 FREELIST GROUPS 1 BUFFER_POOL DEFAULT FLASH_CACHE DEFAULT CELL_FLASH_CACHE DEFAULT)
  TABLESPACE "SYSTEM"  ENABLE;
--------------------------------------------------------
--  Constraints for Table DELIVERY
--------------------------------------------------------

  ALTER TABLE "BG12CS011"."DELIVERY" ADD CONSTRAINT "ORDER_ID_UNIQUE" UNIQUE ("ORDER_ID")
  USING INDEX PCTFREE 10 INITRANS 2 MAXTRANS 255 COMPUTE STATISTICS 
  STORAGE(INITIAL 65536 NEXT 1048576 MINEXTENTS 1 MAXEXTENTS 2147483645
  PCTINCREASE 0 FREELISTS 1 FREELIST GROUPS 1 BUFFER_POOL DEFAULT FLASH_CACHE DEFAULT CELL_FLASH_CACHE DEFAULT)
  TABLESPACE "SYSTEM"  ENABLE;
  ALTER TABLE "BG12CS011"."DELIVERY" MODIFY ("EMPLOYEE_ID" NOT NULL ENABLE);
  ALTER TABLE "BG12CS011"."DELIVERY" MODIFY ("ORDER_ID" NOT NULL ENABLE);
  ALTER TABLE "BG12CS011"."DELIVERY" ADD CONSTRAINT "DELIVERY_STATUS_CHECK" CHECK (STATUS IN ('Delivered','Pending')) ENABLE;
--------------------------------------------------------
--  Constraints for Table DEPARTMENT
--------------------------------------------------------

  ALTER TABLE "BG12CS011"."DEPARTMENT" ADD CONSTRAINT "DEPARTMENT_LOCATION_UNIQUE" UNIQUE ("DEPARTMENT_LOCATION")
  USING INDEX PCTFREE 10 INITRANS 2 MAXTRANS 255 COMPUTE STATISTICS 
  STORAGE(INITIAL 65536 NEXT 1048576 MINEXTENTS 1 MAXEXTENTS 2147483645
  PCTINCREASE 0 FREELISTS 1 FREELIST GROUPS 1 BUFFER_POOL DEFAULT FLASH_CACHE DEFAULT CELL_FLASH_CACHE DEFAULT)
  TABLESPACE "SYSTEM"  ENABLE;
  ALTER TABLE "BG12CS011"."DEPARTMENT" ADD CONSTRAINT "DEPARTMENT_CODE_PK" PRIMARY KEY ("DEPARTMENT_CODE")
  USING INDEX PCTFREE 10 INITRANS 2 MAXTRANS 255 COMPUTE STATISTICS 
  STORAGE(INITIAL 65536 NEXT 1048576 MINEXTENTS 1 MAXEXTENTS 2147483645
  PCTINCREASE 0 FREELISTS 1 FREELIST GROUPS 1 BUFFER_POOL DEFAULT FLASH_CACHE DEFAULT CELL_FLASH_CACHE DEFAULT)
  TABLESPACE "SYSTEM"  ENABLE;
--------------------------------------------------------
--  Constraints for Table EMPLOYEE
--------------------------------------------------------

  ALTER TABLE "BG12CS011"."EMPLOYEE" ADD CONSTRAINT "EMPLOYEE_ID_PK" PRIMARY KEY ("EMPLOYEE_ID")
  USING INDEX PCTFREE 10 INITRANS 2 MAXTRANS 255 COMPUTE STATISTICS 
  STORAGE(INITIAL 65536 NEXT 1048576 MINEXTENTS 1 MAXEXTENTS 2147483645
  PCTINCREASE 0 FREELISTS 1 FREELIST GROUPS 1 BUFFER_POOL DEFAULT FLASH_CACHE DEFAULT CELL_FLASH_CACHE DEFAULT)
  TABLESPACE "SYSTEM"  ENABLE;
--------------------------------------------------------
--  Constraints for Table ORDERS
--------------------------------------------------------

  ALTER TABLE "BG12CS011"."ORDERS" ADD CONSTRAINT "ORDER_ID_PK" PRIMARY KEY ("ORDER_ID")
  USING INDEX PCTFREE 10 INITRANS 2 MAXTRANS 255 COMPUTE STATISTICS 
  STORAGE(INITIAL 65536 NEXT 1048576 MINEXTENTS 1 MAXEXTENTS 2147483645
  PCTINCREASE 0 FREELISTS 1 FREELIST GROUPS 1 BUFFER_POOL DEFAULT FLASH_CACHE DEFAULT CELL_FLASH_CACHE DEFAULT)
  TABLESPACE "SYSTEM"  ENABLE;
--------------------------------------------------------
--  Constraints for Table ORDER_PARTICULAR
--------------------------------------------------------

  ALTER TABLE "BG12CS011"."ORDER_PARTICULAR" ADD CONSTRAINT "CHECK_QUANTITY" CHECK (QUANTITY>0) ENABLE;
  ALTER TABLE "BG12CS011"."ORDER_PARTICULAR" ADD CONSTRAINT "ORDER_PRODUCT_UNIQUE" UNIQUE ("ORDER_ID", "SKU", "VARIANT")
  USING INDEX PCTFREE 10 INITRANS 2 MAXTRANS 255 COMPUTE STATISTICS 
  STORAGE(INITIAL 65536 NEXT 1048576 MINEXTENTS 1 MAXEXTENTS 2147483645
  PCTINCREASE 0 FREELISTS 1 FREELIST GROUPS 1 BUFFER_POOL DEFAULT FLASH_CACHE DEFAULT CELL_FLASH_CACHE DEFAULT)
  TABLESPACE "SYSTEM"  ENABLE;
--------------------------------------------------------
--  Constraints for Table PRODUCT
--------------------------------------------------------

  ALTER TABLE "BG12CS011"."PRODUCT" MODIFY ("DEPARTMENT_CODE" NOT NULL ENABLE);
  ALTER TABLE "BG12CS011"."PRODUCT" MODIFY ("PRODUCT_NAME" NOT NULL ENABLE);
  ALTER TABLE "BG12CS011"."PRODUCT" ADD CONSTRAINT "SKU_PK" PRIMARY KEY ("SKU")
  USING INDEX PCTFREE 10 INITRANS 2 MAXTRANS 255 COMPUTE STATISTICS 
  STORAGE(INITIAL 65536 NEXT 1048576 MINEXTENTS 1 MAXEXTENTS 2147483645
  PCTINCREASE 0 FREELISTS 1 FREELIST GROUPS 1 BUFFER_POOL DEFAULT FLASH_CACHE DEFAULT CELL_FLASH_CACHE DEFAULT)
  TABLESPACE "SYSTEM"  ENABLE;
--------------------------------------------------------
--  Constraints for Table PRODUCT_DESCRIPTION
--------------------------------------------------------

  ALTER TABLE "BG12CS011"."PRODUCT_DESCRIPTION" ADD CONSTRAINT "CHECK_QUANTITY_THRESHOLD" CHECK (QUANTITY_THRESHOLD>=0) ENABLE;
  ALTER TABLE "BG12CS011"."PRODUCT_DESCRIPTION" ADD CONSTRAINT "CHECK_STOCK_QUANTITY" CHECK (STOCK_QUANTITY>=0) ENABLE;
  ALTER TABLE "BG12CS011"."PRODUCT_DESCRIPTION" ADD CONSTRAINT "PRODUCT_LINE_UNIQUE" UNIQUE ("SKU", "VARIANT")
  USING INDEX PCTFREE 10 INITRANS 2 MAXTRANS 255 COMPUTE STATISTICS 
  STORAGE(INITIAL 65536 NEXT 1048576 MINEXTENTS 1 MAXEXTENTS 2147483645
  PCTINCREASE 0 FREELISTS 1 FREELIST GROUPS 1 BUFFER_POOL DEFAULT FLASH_CACHE DEFAULT CELL_FLASH_CACHE DEFAULT)
  TABLESPACE "SYSTEM"  ENABLE;
  ALTER TABLE "BG12CS011"."PRODUCT_DESCRIPTION" ADD CONSTRAINT "PRODUCT_STATUS_CHECK" CHECK (STATUS IN('Available','Running Low','Out of Stock')) ENABLE;
  ALTER TABLE "BG12CS011"."PRODUCT_DESCRIPTION" ADD CONSTRAINT "PRODUCT_QUANTITY_UNIT_CHECK" CHECK (QUANTITY_UNIT IN ('pcs','kg','g','m')) ENABLE;
  ALTER TABLE "BG12CS011"."PRODUCT_DESCRIPTION" MODIFY ("SKU" NOT NULL ENABLE);
--------------------------------------------------------
--  Ref Constraints for Table ACCOUNTS
--------------------------------------------------------

  ALTER TABLE "BG12CS011"."ACCOUNTS" ADD CONSTRAINT "FK_ACCOUNTS_EMPLOYEE_ID" FOREIGN KEY ("EMPLOYEE_ID")
	  REFERENCES "BG12CS011"."EMPLOYEE" ("EMPLOYEE_ID") ON DELETE CASCADE ENABLE;
--------------------------------------------------------
--  Ref Constraints for Table DELIVERY
--------------------------------------------------------

  ALTER TABLE "BG12CS011"."DELIVERY" ADD CONSTRAINT "FK_DELIVERY_EMPLOYEE_ID" FOREIGN KEY ("EMPLOYEE_ID")
	  REFERENCES "BG12CS011"."EMPLOYEE" ("EMPLOYEE_ID") ON DELETE CASCADE ENABLE;
  ALTER TABLE "BG12CS011"."DELIVERY" ADD CONSTRAINT "FK_DELIVERY_ORDER_ID" FOREIGN KEY ("ORDER_ID")
	  REFERENCES "BG12CS011"."ORDERS" ("ORDER_ID") ON DELETE CASCADE ENABLE;
--------------------------------------------------------
--  Ref Constraints for Table ORDERS
--------------------------------------------------------

  ALTER TABLE "BG12CS011"."ORDERS" ADD CONSTRAINT "FK_ORDERS_EMPLOYEE_ID" FOREIGN KEY ("EMPLOYEE_ID")
	  REFERENCES "BG12CS011"."EMPLOYEE" ("EMPLOYEE_ID") ON DELETE SET NULL ENABLE;
--------------------------------------------------------
--  Ref Constraints for Table ORDER_PARTICULAR
--------------------------------------------------------

  ALTER TABLE "BG12CS011"."ORDER_PARTICULAR" ADD CONSTRAINT "FK_ORDER_PARTICULAR_ORDER_ID" FOREIGN KEY ("ORDER_ID")
	  REFERENCES "BG12CS011"."ORDERS" ("ORDER_ID") ON DELETE CASCADE ENABLE;
  ALTER TABLE "BG12CS011"."ORDER_PARTICULAR" ADD CONSTRAINT "FK_ORDER_PRODUCT" FOREIGN KEY ("SKU", "VARIANT")
	  REFERENCES "BG12CS011"."PRODUCT_DESCRIPTION" ("SKU", "VARIANT") ON DELETE SET NULL ENABLE;
--------------------------------------------------------
--  Ref Constraints for Table PRODUCT
--------------------------------------------------------

  ALTER TABLE "BG12CS011"."PRODUCT" ADD CONSTRAINT "FK_PRODUCT_DEPARTMENT_CODE" FOREIGN KEY ("DEPARTMENT_CODE")
	  REFERENCES "BG12CS011"."DEPARTMENT" ("DEPARTMENT_CODE") ON DELETE SET NULL ENABLE;
--------------------------------------------------------
--  Ref Constraints for Table PRODUCT_DESCRIPTION
--------------------------------------------------------

  ALTER TABLE "BG12CS011"."PRODUCT_DESCRIPTION" ADD CONSTRAINT "FK_PRODUCT_DESCRIPTION_SKU" FOREIGN KEY ("SKU")
	  REFERENCES "BG12CS011"."PRODUCT" ("SKU") ON DELETE CASCADE ENABLE;
